user_id	timestamp	action_type	poi_id	geographic_id	administrative_region_id	weather	travel_mode	via_poi_id
0	304487000	1	405081	22816044	759	2		
0	304495749	2	405081	22816044	759	2	4	
0	304496749	3	405081	22816044	759	2	4	
0	507875063	3	3366495	10025735	759	6	4	
0	507879694	2	3366495	10025735	759	6	4	
0	577337754	2	3366495	6286574	759	2	4	
0	577338754	3	3366495	6286574	759	2	4	
0	735681048	2	2679324	12139371	759	14	4	
0	735682048	3	2679324	12139371	759	14	4	
0	750135000	1	3366495	32807373	759	2		
0	750139937	2	3366495	32807373	759	2	4	
0	750165582	2	3366495	2801919	759	2	4	
0	750165884	2	3366495	2801919	759	2	4	
0	750203779	2	3366495	33263222	759	2	4	
0	4559830168	3	2075049	25433989	759	9	4	
1	305642648	3	7022738	41204571	1554	2	0	
1	305802362	2	7022738	17529650	1554	2	0	
1	305823082	2	4535488	17529650	1554	2	0	
1	305824082	3	4535488	17529650	1554	2	0	
1	459921401	2	4535488	35820221	1554	14	0	
1	465396000	1	1512325	15583308	1554	2		
1	1154543821	2	4535488	42699967	1554	9	0	
1	1154544821	3	4535488	42699967	1554	9	0	
1	1181567615	2	1512325	47727668	1554	2	0	
1	1277423000	1	1512325	15280445	1554	9		
1	2795328093	2	2164580	30526019	3111	14	0	
1	2795329093	3	2164580	30526019	3111	14	0	
1	2971347622	2	6507939	41204571	1554	19	0	
1	3059692241	3	6507939	37851298	3111	14	0	
1	3061686784	2	952281	7021523	3111	14	0	
1	3061693000	2	952281	7021523	3111	14	2	
1	3062462582	2	1877858	7021523	3111	14	0	
1	3580976932	2	1239109	41204571	1554	2	0	
1	3600008491	2	1512325	45184848	1554	9	0	
1	3749867717	3	7022738	41204571	1554	14	0	
1	3750241000	1	4535488	35820221	1554	14		
1	3750257637	2	4535488	35820221	1554	14	0	
1	4811345099	2	5154790	15583308	1554	2	0	
1	4811346099	3	5154790	15583308	1554	2	0	
1	4812391856	2	1512325	2924169	1554	14	0	
2	71071000	1	1072211	27161001	1571	2		
2	71075813	2	1072211	27161001	1571	2	4	
2	466125018	2	7053657	33321021	898	9	4	
2	466126018	3	7053657	33321021	898	9	4	
2	564405885	2	6507930	34351228	898	9	4	
2	564878000	1	6729135	49027645	898	9		
2	564890115	2	6729135	49027645	898	9	4	
2	564891115	3	6729135	49027645	898	9	4	
2	1450799000	1	50863	18492102	898	14		
2	1504369677	2	3673230	29379580	898	14	4	
2	3504278707	2	1115292	16011884	898	14	4	
2	5247548076	2	918750	42179966	898	20	4	
3	421490636	2	4952478	29380269	835	2	4	
3	422615696	2	4000953	45848886	835	2	4	
3	766118931	2	2824505	28091731	2974	14	4	
3	1145194873	2	414426	44626381	2774	14	4	
3	1146951204	3	7157362	14654856	1709	14	4	
3	1147844915	3	3188444	7514324	1709	14	4	
3	1149760698	2	1156146	45604868	835	14	4	
3	1160151052	2	4575589	39590145	2974	9	4	
3	1166992780	2	6521483	27235868	1121	9	4	
3	1234472973	2	268832	51024751	3123	6	4	
3	1235456358	2	268832	24161112	203	19	4	
3	1235456565	2	268832	24161112	203	19	4	
3	1241800260	2	895572	31836276	3111	6	4	
3	1242616000	1	6840239	31836276	3111	6		
3	1252143146	3	6547132	44852992	2974	14	4	
3	1253681467	3	1776284	31888519	2974	14	4	
3	1581189893	2	5921467	16800515	2974	9	4	
3	1849933455	2	6557523	23511913	835	9	4	
3	1853687000	1	4143404	51418676	3111	9		
3	1853696252	2	4143404	51418676	3111	9	4	
3	2135072639	3	4926092	7937665	2974	14	4	
3	2139357000	1	141462	2439160	1709	14		
3	2139362969	2	141462	2439160	1709	14	4	
3	2442867553	2	2970348	14276880	3123	14	4	
3	2446406200	2	2147174	30463277	2974	6	4	
3	2447552469	3	6940131	26434969	2974	6	4	
3	2448857654	2	1900415	15361911	2974	19	4	
3	2644163798	3	5611244	27876333	540	2	4	
3	2648501000	1	1149247	414419	1709	14		
3	2994447215	2	1827327	29309246	3246	14	4	
3	2994467000	1	76701	29309246	3246	14		
3	3259355397	2	5604500	39156308	1709	9	4	
3	3261601582	3	4643261	6792870	835	9	4	
3	3693085452	2	2750824	4397182	2422	9	4	
3	3696434041	3	3528005	21592202	2422	9	4	
3	3777256480	2	461022	14052276	1709	14	4	
3	4906455642	3	4816935	39060116	2974	9	4	
3	4968318684	2	6758418	33481729	2774	9	4	
3	4985275103	2	4426094	4111869	835	2	4	
3	5244044426	2	4143404	45884397	2974	14	4	
3	5251199898	2	4643261	49444631	1709	20	4	
3	6016764722	2	2146612	1888542	2974	14	4	
3	6166569519	2	6134985	42779502	203	20	4	
3	6171269332	2	5259548	21071385	835	20	4	
3	6171276985	2	5259548	21071385	835	20	4	
3	6368006201	2	5969118	23372841	1709	14	4	
3	6371744926	2	2602646	4111869	835	14	4	
3	6378941000	1	4816935	49609370	835	14		
3	6438179000	1	7079559	45884397	2974	14		
3	6856134208	3	7164864	45884397	2974	9	4	
4	943192000	1	5225675	47420547	1826	6		
4	943330000	2	5225675	30003564	1826	6		
4	1437525000	1	123895	31507382	174	14		
4	1437528000	2	123895	31507382	174	14	2	
4	2504016000	1	7129932	9669545	1826	14		
4	2504020000	2	7129932	9669545	1826	14	2	
4	2573336000	1	7129932	9669545	1826	14		
4	2573342000	2	7129932	47420547	1826	14	2	
4	3163373147	2	5529266	26459559	1826	14	1	
4	3187191000	1	6180616	5606961	1826	14		
4	3189965000	1	5400782	47420547	1826	14		
4	3190003000	2	5400782	47420547	1826	14	2	
4	3190471000	2	1597516	47420547	1826	14	2	
4	3190473000	2	1597516	40108568	432	14	2	
4	3190596000	2	297320	9669545	1826	14	2	
4	3190602000	2	297320	40108568	432	14	2	
4	3190637000	1	1597516	9669545	1826	14		
4	3190641000	2	1597516	9669545	1826	14	2	
4	3190647000	2	1597516	40108568	432	14	2	
4	3397446000	1	6748802	4275165	1826	14		
4	3397449000	2	6748802	4275165	1826	14	2	
4	3397527000	2	2766076	9669545	1826	14	2	
4	4068115387	0	6197694	47420547	1826	2		
4	4208773000	1	378849	47420547	1826	13		
4	4471084581	2	6007499	47420547	1826	9	1	
4	4471091864	2	6007499	47420547	1826	9	4	
4	4471092022	2	6007499	47420547	1826	9	4	
4	4482306000	1	725856	47420547	1826	9		
4	4482343502	2	725856	47420547	1826	9	0	
4	4816652000	1	4082956	47420547	1826	2		
4	4816655000	2	4082956	47420547	1826	2	2	
4	4816823000	1	4082956	47420547	1826	2		
4	4881655359	0	5848126	19859471	174	9		
4	5151424000	1	737393	47420547	1826	9		
4	5151437000	2	737393	47420547	1826	9	2	
4	5158215946	0	5301871	45066763	1392	9		
4	5158216000	1	5301871	45066763	1392	9		
4	5158218000	2	5301871	45066763	1392	9	2	
4	5339987000	1	4988023	5606961	1826	14		
4	5339990000	2	4988023	5606961	1826	14	2	
4	5419164000	2	3501334	47420547	1826	9	2	
4	5472699000	2	3501334	47420547	1826	9	2	
4	5473538000	1	3501334	43668491	1826	9		
4	5473939000	1	3501334	48861363	433	9		
4	5473942227	2	3501334	48861363	433	9	0	
4	5862419000	1	609643	9669545	1826	9		
4	5862441000	2	609643	9669545	1826	9	2	
4	5920626000	1	2799090	11674256	433	2		
4	6076663316	2	3501334	26459559	1826	9	4	
4	6392027437	2	1957384	47420547	1826	9	4	
5	5582291000	2	855248	42592494	359	1	5	
5	5582297010	6	855248	42592494	359	1	5	
5	5595545000	2	3931830	42592494	359	5	2	
5	5595561000	1	6788227	42592494	359	5		
5	5595571000	2	6788227	42592494	359	5	2	
5	5595581000	2	6788227	42592494	359	5	5	
5	5595591648	2	6788227	42592494	359	5	4	
6	7211076000	1	115699	49805228	2170	14		
6	7211169980	2	115699	49805228	2170	14	1	
6	7211284488	2	115699	49805228	2170	14	4	
6	7211285000	1	115699	49805228	2170	14		
6	7331910000	1	6119341	49805228	2170	14		
6	7331930000	2	6119341	49805228	2170	14	2	
6	7331938067	2	6119341	49805228	2170	14	0	
6	7331960000	2	6119341	49805228	2170	14	2	
7	2629371000	1	153544	35189931	1812	9		
7	2630951000	1	153544	44835511	1812	9		
7	2636231000	1	6936117	21719177	359	14		
7	2636248000	2	6936117	21719177	359	14	5	
7	3317305000	2	153544	30464779	1812	9	5	
7	3318780000	2	153544	30464779	1812	9	5	
7	3319347000	2	153544	30464779	1812	9	5	
7	3320681023	2	6936117	39571872	1378	9	4	
7	3501246000	2	4355787	30464779	1812	9	5	
7	3502078000	1	4355787	30464779	1812	9		
7	5597967000	2	4688738	30464779	1812	7	5	
8	2640711893	2	7155969	12217596	1551	9	4	
8	2640712313	2	7155969	12217596	1551	9	4	
8	2640726656	2	7155969	12217596	1551	9	1	
8	3709591000	1	2087407	23924760	2166	9		
8	3711031000	1	2087407	23924760	2166	2		
8	3711265000	1	2087407	23924760	2166	2		
8	4970119965	2	3127581	48850042	1370	2	1	
8	5476090622	0	1658064	23924760	2166	9		
9	38976000	1	3308714	2020034	2941	2		
9	803238450	2	7211738	6001541	2872	14	4	
9	803309588	2	7211738	6001541	2872	14	4	
9	880767000	1	3490986	6001541	2872	6		
9	880806136	2	3490986	6001541	2872	6	4	
9	880807136	3	3490986	6001541	2872	6	4	
9	3056666908	2	3975907	6001541	2872	19	4	
9	6108991000	1	2667341	28524589	297	9		
9	6126091000	1	3049466	37726967	2941	9		
9	6128251000	1	3049466	27056340	2941	9		
9	6709500000	1	7211738	6001541	2872	9		
9	6766665000	1	7211738	6001541	2872	2		
9	7556517000	1	3049466	34809110	1497	14		
9	7556875000	1	6112162	39545744	1497	14		
9	7557521000	1	3049466	34809110	1497	14		
10	302487000	1	6155056	40954138	3271	14		
10	302493743	2	6155056	40954138	3271	14	4	
10	309858000	1	6278598	51859460	3271	2		
10	309861845	2	6278598	51859460	3271	2	4	
10	309862845	3	6278598	51859460	3271	2	4	
10	325082000	1	6278598	29787024	3271	2		
10	325086661	2	6278598	29787024	3271	2	4	
10	1262408000	1	1379047	46846052	917	9		
10	1262411576	2	1379047	46846052	917	9	4	
10	1262412576	3	1379047	46846052	917	9	4	
10	5406759000	1	3728035	15704089	1519	14		
10	5407520863	2	1049486	15704089	1519	14	4	
10	5407521863	3	1049486	15704089	1519	14	4	
10	5409627000	1	1379047	35048133	917	14		
10	5409629881	2	1379047	35048133	917	14	4	
10	5409630881	3	1379047	35048133	917	14	4	
11	60569369	2	4722760	51698336	2847	9	4	
11	147250924	3	809087	38744627	2847	9	4	
11	207041962	2	4722760	11112016	2847	2	4	
11	243792185	3	3882836	2238710	2089	14	4	
11	294837737	2	4722760	33002679	2847	2	4	
11	667783761	2	809087	15704089	1519	6	4	
11	736601285	2	4722760	11369328	2847	14	4	
11	744466614	2	809087	21009756	2847	19	4	
11	1151269987	2	809087	13008012	2847	9	4	
11	1266979287	2	4722760	44861787	2847	9	4	
11	1338100865	2	809087	19673227	1519	2	4	
11	1346287639	2	4722760	41802048	1519	9	4	
11	1434851913	2	4722760	11112016	2847	14	4	
11	1448877652	2	4722760	11112016	2847	19	4	
11	1670264858	2	809087	13008012	2847	19	4	
11	1768703539	2	809087	33936349	937	14	4	
11	1770086951	2	4722760	47308118	2778	14	4	
11	1852685242	2	809087	20082782	1519	14	4	
11	1964163613	2	4722760	50085333	2847	14	4	
11	2024803917	2	5927918	50085333	2847	19	4	
11	2188600657	2	809087	21009756	2847	19	4	
11	2188960923	2	4722760	50085333	2847	19	4	
11	2809132202	2	809087	52691893	2847	14	4	
11	2927183007	3	4420881	50085333	2847	9	4	
11	3154969114	2	809087	51698336	2847	9	4	
11	3162471265	2	4722760	50085333	2847	9	4	
11	3222519632	2	4722760	7504732	2847	19	4	
11	3271484115	2	4722760	50085333	2847	2	4	
11	3606048481	2	4722760	342021	2847	9	4	
11	3830571653	2	4722760	39990002	2847	19	4	
11	3844402831	2	809087	11112016	2847	9	4	
11	4003065738	2	4722760	342021	2847	19	4	
11	4006671122	2	809087	21009756	2847	20	4	
11	4038359689	2	4722760	50085333	2847	9	4	
11	4369481600	2	809087	11180893	213	9	4	
11	4468868362	2	4722760	50085333	2847	9	4	
11	4472966660	2	809087	7504732	2847	9	4	
11	4952284731	2	4722760	342021	2847	2	4	
11	4964177686	3	7121360	23089944	2847	14	4	
11	5306042028	2	4722760	50085333	2847	9	4	
11	5427376124	2	809087	37944909	2847	14	4	
11	5502977193	2	809087	13008012	2847	2	4	
11	5846825020	2	809087	9996760	2847	2	4	
11	6082050620	2	4722760	11180893	213	19	4	
11	6179704215	2	809087	3347123	2778	9	4	
11	6453549980	2	809087	2140368	1519	14	4	
11	6516830818	2	4722760	39368931	1519	14	4	
11	6767819031	2	809087	21009756	2847	9	4	
11	7329316960	2	809087	39990002	2847	2	4	
11	7761419639	2	809087	13008012	2847	9	4	
12	63050882	3	1310801	50383407	432	2	4	
12	737204679	2	2708493	50383407	432	14	4	
12	773615246	3	1310801	4015580	174	9	4	
12	1682426718	2	3768412	10410934	1826	9	4	
12	2104669105	2	6859047	29098514	432	9	4	
12	2135510685	3	453068	4979162	1826	9	4	
12	2272239984	2	4275908	10410934	1826	9	4	
12	2636347980	3	4316548	3668306	297	2	4	
12	2657565789	3	1310801	40989388	297	9	4	
12	2885049485	2	1534613	50383407	432	2	4	
12	2889167098	2	3768412	3982694	174	2	4	
12	2889168098	3	3768412	3982694	174	2	4	
12	2893446743	3	6007976	3982694	174	14	4	
12	2910944978	2	4275908	34300822	432	9	4	
12	2910945978	3	4275908	34300822	432	9	4	
12	3318949142	2	1641962	47574028	1826	9	4	
12	3319024605	2	1641962	10410934	1826	9	4	
12	3319225031	2	4625399	10410934	1826	9	4	
12	3431348000	2	3210122	10410934	1826	9	2	
12	3431506416	2	3210122	10410934	1826	9	4	
12	3481624010	6	4275908	10410934	1826	2	5	
12	3954692923	2	4275908	29985008	432	9	4	
12	4349507478	3	4613147	16705345	1826	9	4	
12	4567056769	2	3007827	50383407	432	9	4	
12	4863680911	2	4275908	10410934	1826	9	4	
12	4863739010	6	4275908	10410934	1826	9	5	
12	4999532360	2	3878815	10410934	1826	9	4	
12	5099389000	2	4275908	10410934	1826	14	2	
12	5125226010	6	4275908	10410934	1826	9	5	
12	5344650728	2	4275908	10410934	1826	2	4	
12	5344690000	2	4275908	47574028	1826	2	2	
12	5344705000	2	4625399	25208102	432	2	2	
12	5737563000	2	3481101	10410934	1826	9	5	
12	5749691436	2	3481101	16235728	174	9	4	
12	5751666560	2	3481101	16235728	174	9	1	
12	5769548526	4	5832536	16235728	174	9		
12	5774811122	2	1310801	12974119	174	9	4	
12	6111505000	2	4275908	3468682	432	9	5	
12	6127484000	2	1491622	25208102	432	9	5	
12	6166223180	2	1491622	9669545	1826	2	4	
12	6166303414	2	1491622	9669545	1826	2	4	
12	6533848000	1	333890	50075564	432	14		
12	6533854704	4	333890	50075564	432	14		
12	6533906376	4	333890	50075564	432	14		
12	6543305415	2	4625399	50279590	1826	14	4	
12	6723018418	2	3049727	50383407	432	9	4	
12	7136429399	2	3671803	50383407	432	2	4	
12	7139889439	2	3049727	30322470	1826	2	1	
12	7500043468	2	1896420	50383407	432	17	4	
12	7553665837	2	4882405	45025136	432	14	1	
13	898439828	2	6098810	40600420	3263	9	4	
13	898448649	2	6098810	40600420	3263	9	1	
13	899839347	2	6098810	40600420	3263	9	1	
13	899846314	2	6098810	40600420	3263	9	4	
13	899847314	3	6098810	40600420	3263	9	4	
13	1706689000	1	3422158	28174498	3263	2		
13	2017908000	1	2473018	28174498	3263	14		
13	2022537000	1	2473018	28174498	3263	14		
13	2022584000	1	7148865	28174498	3263	14		
13	2108785000	1	2473018	3188155	3263	14		
13	2108797267	3	2473018	3188155	3263	14	4	
13	2112968000	1	2473018	44822982	1881	14		
13	2112969960	2	2473018	44822982	1881	14	4	
13	2123991000	1	4365953	9913167	1881	2		
13	2123993040	2	4365953	9913167	1881	2	4	
13	2126819440	2	3592368	19520635	3263	14	4	
13	2127050000	1	4365953	19520635	3263	14		
13	2127054251	3	4365953	19520635	3263	14	4	
14	898936591	2	1944462	40202087	3161	14	4	
14	900507702	3	1944462	9867831	2170	14	4	
14	900866000	1	1944462	29678359	2170	14		
14	923923000	1	3078023	29678359	2170	14		
14	923926989	2	3078023	29678359	2170	14	4	
14	923950510	2	6156851	29678359	2170	14	4	
14	923951510	3	6156851	29678359	2170	14	4	
14	4739251000	1	1021465	40202087	3161	14		
14	4739256000	2	1021465	40202087	3161	14	2	
14	5683109000	1	6083180	3632466	1783	2		
14	5683281000	2	6083180	3632466	1783	14	2	
14	7060271000	1	3071791	40202087	3161	2		
14	7060273651	2	3071791	40202087	3161	2	4	
14	7060274651	3	3071791	40202087	3161	2	4	
15	3434508459	3	3887716	1379627	245	2		
15	4019100199	2	3887716	8674901	2820	9		
15	4019101199	3	3887716	8674901	2820	9		
15	4019823802	2	3887716	21386801	2820	9		
15	4019824802	3	3887716	21386801	2820	9		
15	5418843196	2	3887716	52396750	3161	14		
15	5467757270	2	2188485	27692185	2820	9		
15	5467758270	3	2188485	27692185	2820	9		
15	5494001949	2	3887716	8674901	2820	9		
15	5494002949	3	3887716	8674901	2820	9		
15	5496573542	2	3887716	6160936	1762	9		
15	5496574542	3	3887716	6160936	1762	9		
15	5836112290	2	3887716	1379627	245	9		
15	5897868068	2	2188485	27692185	2820	2		
15	5897869068	3	2188485	27692185	2820	2		
15	5920892189	2	3887716	8674901	2820	9		
15	5920893189	3	3887716	8674901	2820	9		
15	5923527881	2	3887716	46501348	1762	9		
15	5923528881	3	3887716	46501348	1762	9		
16	3081837686	2	3614418	23404698	174	2	4	
17	323006060	3	4567170	41068055	836	2	4	
17	927746663	3	4567170	41068055	836	2	4	
17	929807789	3	5472819	21620129	836	9	4	
17	1289249000	2	5472819	43128524	836	14	5	
17	1289261010	6	5472819	43128524	836	14	5	
17	1356555926	2	4567170	35133798	836	2	4	
17	1856934000	1	5338647	7367853	836	14		
17	2566780395	3	4567170	35133798	836	14	4	
17	2569364381	2	5472819	21620129	836	14	4	
17	2740350399	2	4567170	35133798	836	9	4	
17	2740351399	3	4567170	35133798	836	9	4	
17	2950699000	1	2832056	41068055	836	9		
17	3171465114	2	4567170	35133798	836	2	4	
17	3269312010	6	5472819	12411928	836	9	5	
17	3347538597	2	4567170	26846176	836	9	4	
17	3532900000	2	5825595	25232720	357	14	2	
17	3532924000	2	5825595	15887882	1881	14	2	
17	3533065000	2	5825595	12212497	1260	6	2	
17	3609105000	2	4460219	41068055	836	2	2	
17	3630940000	2	4460219	41068055	836	2	5	
17	3653658000	2	4460219	41068055	836	2	5	
17	3668736000	2	5825595	12212497	1260	2	5	
17	4467653862	2	1242702	35133798	836	9	4	
17	4522056010	6	1242702	41068055	836	13	5	
17	4548158000	2	5472819	37101276	1752	14	5	
17	4557348921	3	4567170	41068055	836	14	4	
17	4649917397	3	5472819	15788010	836	9	4	
17	4730305584	2	4567170	41068055	836	14	4	
17	4743099310	2	3574679	41068055	836	9	4	
17	4905125794	2	3574679	35133798	836	2	1	
17	5127057429	2	1242702	41068055	836	9	4	
17	5127071000	2	1242702	41068055	836	9	5	
17	5154292000	2	5472819	37101276	1752	2	5	
17	5154305010	6	5472819	37101276	1752	2	5	
17	5164689556	2	5472819	147983	836	2	4	
17	5589078492	3	4567170	41068055	836	9	4	
17	5767425075	2	4567170	41068055	836	2	4	
17	5770607514	2	5472819	23510491	836	2	4	
17	6095966439	2	3200319	35133798	836	9	4	
17	6113816703	2	3200319	35133798	836	2	4	
17	6113817703	3	3200319	35133798	836	2	4	
17	6371922677	3	4567170	41068055	836	2	4	
17	6800066397	3	4567170	180921	836	14	4	
17	6969621763	2	5472819	21620129	836	2	4	
17	6973477786	2	5351710	41068055	836	2	4	
17	6974481000	1	5351710	41068055	836	2		
17	6974857000	3	5351710	41068055	836	2	2	
17	6977272053	3	5351710	7746224	836	2	1	
17	7494722722	2	4567170	39174125	836	9	4	
17	7496896220	3	5472819	147983	836	9	4	
18	2993372000	1	150949	46762142	547	14		
18	2993421000	1	2114004	46762142	547	14		
18	3002522000	1	150949	33784117	547	14		
18	3693600000	1	2114004	33784117	547	9		
18	3864835000	1	2114004	19015525	547	2		
19	3254192646	2	2603727	707070	1370	2	4	
19	3254206000	2	2603727	27387307	1370	2	5	
19	3254259000	2	2603727	29439166	1950	2	5	
20	2322498497	2	5605406	6019624	3263	6	1	
20	2322959034	2	5605406	6019624	3263	14	1	
21	394261030	2	1843652	51426389	2883	2	1	
21	394320000	1	1843652	51426389	2883	2		
21	394322562	2	1843652	51426389	2883	2	1	
21	394945085	3	1843652	3790271	2883	9	1	
21	395934759	2	314463	3790271	2883	9	1	
21	396093235	2	2587849	3790271	2883	9	4	
21	402688806	2	2587849	3790271	2883	2	4	
21	651594359	2	314463	33060040	2229	14	4	
21	654614519	2	314463	30504372	805	2	4	
21	655294230	2	314463	38362445	805	2	4	
21	655733000	2	2256478	17343729	2170	14	2	
21	656358130	2	314463	7257183	2170	14	4	
22	239260000	2	4168587	12057630	1534	9	2	
22	245930411	3	5082877	24906450	1497	2	1	
22	246983510	2	3046763	17686550	1497	2	1	
22	247390022	2	901486	2928150	1497	2	1	
22	314415000	2	6112162	2928150	1497	14	2	
22	668967077	3	2723502	47235012	1127	14	1	
22	719593000	2	5635568	47235012	1127	14	2	
22	723461297	2	5635568	27406522	3142	14	1	
22	741463000	2	7055210	27406522	3142	6	2	
22	750036000	2	6030410	47235012	1127	14	2	
22	818136195	3	746356	27338191	3257	14	1	
22	833018000	2	6030410	27338191	3257	6	2	
22	833077000	2	6030410	27338191	3257	6	2	
22	834368197	3	111712	27338191	3257	6	1	
22	835627000	2	7221118	27338191	3257	6	2	
22	836839412	2	6762443	29662587	3257	6	1	
22	886386000	1	1346587	29662587	3257	0		
22	887295000	2	412022	29662587	3257	0	2	
22	889428000	2	1346587	40444565	3142	6	2	
22	891090000	2	412022	16065835	2199	6	2	
22	1341111000	1	984372	12659535	1195	14		
22	1354610000	1	2739948	19051726	1593	14		
22	1598208000	1	7042407	1235458	1562	2		
22	1598226000	1	370905	1235458	1562	2		
22	2027629000	1	6225880	52648698	2365	14		
22	2027636000	3	6225880	52648698	2365	14	2	
22	2137560000	2	6619151	312552	1593	14	2	
22	2139165444	2	6095723	50310231	1593	2	1	
22	2212399000	1	416838	11834283	1593	6		
22	2212408000	2	416838	11834283	1593	6	2	
22	2212724000	1	416838	11834283	1593	6		
22	3858784423	2	2118325	14957858	1127	14	1	
22	3858785423	3	2118325	14957858	1127	14	1	
22	4030844000	1	1346587	51123710	721	2		
22	4088342000	2	5457465	31246834	1300	19	2	
22	4443747000	2	5302224	26999804	1946	14	2	
22	5211278000	1	5832781	17602824	1946	9		
22	5211291000	2	5832781	17602824	1946	9	5	
22	5216755000	2	3572629	10998247	2199	14	2	
22	5238680000	2	3062431	17070938	42	2	5	
22	5248764000	1	697759	3702243	1788	9		
22	5249217000	1	5341825	3702243	1788	9		
22	5249284000	1	5341825	3702243	1788	9		
22	5249537000	2	7247414	3702243	1788	9	2	
22	5334906000	2	6892578	45097867	1788	14	2	
22	5335008000	1	6892578	45097867	1788	14		
22	5418617611	3	6663805	19051726	1816	9	1	
22	5469915000	3	6225880	52648698	2365	19	2	
22	5670462000	2	7093479	5378592	2365	2	2	
22	5904029000	1	767846	38077159	1946	2		
23	157405000	2	7111600	12040607	2582	9	5	
23	157408469	2	7111600	12040607	2582	9	4	
23	7658704962	2	5559544	28317030	547	9	4	
23	7658738532	2	5559544	15993492	547	9	4	
24	815371977	2	6061678	51538654	297	14	4	
24	817790767	2	6061678	36871251	297	14	4	
24	817791592	2	6061678	36871251	297	14	4	
24	817791932	2	6061678	36871251	297	14	4	
24	2572409326	2	1440679	4879231	432	14	4	
24	2975676952	2	7012652	46553097	297	2	1	
24	3668671000	2	4141814	33339370	297	9	5	
24	5853525859	2	2480690	33339370	297	9	4	
25	317750276	0	1533029	17679963	1240	9		
25	317758535	2	1533029	17679963	1240	9	4	
25	317783046	2	3112882	4037395	1240	9	0	
25	406611481	2	6219406	32870017	1240	2	0	
25	406861000	1	6219406	32870017	1240	2		
25	919770000	1	5814667	17679963	1240	14		
25	1976805973	2	2273715	1198010	1240	14	4	
25	2890031000	1	1502688	17679963	1240	2		
25	4195269576	2	2879915	17679963	1240	9	0	
25	4195687692	2	2879915	17679963	1240	9	4	
25	4195693624	2	2879915	17679963	1240	9	4	
25	4198045035	2	2879915	42398093	353	9	4	
25	4979905659	2	304130	32870017	1240	2	4	
25	5866558911	2	6406572	48953888	1240	9	4	
25	6904922025	2	4422322	371209	1240	9	4	
25	6904932453	3	4422322	371209	1240	9	0	
25	7752570496	2	2317277	32870017	1240	14	0	
26	27257782	2	3187172	48574564	359	0	4	
26	38258000	1	3808031	39510795	359	6		
26	132756000	1	3187172	25286182	359	14		
26	926312000	1	1745809	14292727	359	9		
26	1184866109	2	419058	48574564	359	14	4	
26	1411857000	1	1007911	48574564	359	20		
26	2936086000	2	223525	48574564	359	20	2	
26	2936254891	2	223525	48574564	359	20	4	
26	2936327344	2	2026922	14245992	359	20	4	
26	2936771955	2	702526	14245992	359	20	4	
26	2936781458	2	223525	49623056	359	20	4	
26	2960431000	1	223525	48574564	359	20		
26	2960435669	2	223525	48574564	359	20	4	
26	2964111000	1	263877	14245992	359	9		
26	4130383047	2	4374951	48574564	359	9	4	
26	4130389000	2	4374951	48574564	359	9	2	
26	4654938000	1	3808031	48574564	359	9		
26	4655332417	2	4977011	48574564	359	9	4	
26	4656052000	1	458599	48574564	359	9		
26	4656339000	1	2145345	48574564	359	9		
26	4656693816	2	3609301	48574564	359	9	4	
26	5403352000	2	5921163	48574564	359	14	2	
26	5403436000	2	4977011	2807044	359	14	2	
26	5403444521	2	4977011	2807044	359	14	1	
26	5476976000	1	4977011	2807044	359	9		
26	5476981015	2	4977011	2807044	359	9	1	
26	5478980000	1	702526	545486	359	9		
26	5478982714	2	702526	545486	359	9	4	
26	5479798000	1	693763	545486	359	9		
26	5479805000	2	693763	545486	359	20	2	
26	5479824000	2	693763	545486	359	20	5	
26	5651494000	2	5485783	48574564	359	9	2	
26	5670809144	2	5485783	2175732	2590	9	1	
26	5670810144	3	5485783	2175732	2590	9	1	
26	5683424095	2	6071514	48574564	359	9	4	
26	5683436762	2	6071514	48574564	359	9	4	
26	5683453484	2	4977011	48574564	359	9	4	
26	5684883729	2	6071514	48574564	359	9	4	
26	5684949985	2	3808031	48574564	359	9	4	
26	5689418776	2	693763	545486	359	9	4	
26	6003283000	1	419058	48574564	359	9		
26	6011010000	1	5485783	48574564	359	9		
26	7373390000	2	419058	36249994	359	9	2	
26	7549828000	1	685496	48574564	359	14		
27	32840000	2	3299452	7989426	836	2	2	
27	32847000	3	5309449	7989426	836	2	2	
27	1274710000	2	3250001	43990313	1950	14	2	
27	1275166000	2	3250001	43990313	1950	14	5	
27	2132828000	2	3925371	3650504	2166	14	2	
27	2133028000	3	3925371	3650504	2166	14	2	
27	2135884568	2	3925371	42134777	1752	2	1	
27	2135885568	3	3925371	42134777	1752	2	1	
27	2147345000	2	5309449	42134777	1752	9	2	
27	2149478107	2	5309449	28520651	1950	9	1	
27	2149481000	2	5309449	28520651	1950	9	2	
27	2149499524	2	5309449	28520651	1950	9	0	
27	2149579000	2	5309449	33217612	1950	9	2	
27	3490589000	1	480354	43990313	1950	14		
27	3784481000	2	3639046	43990313	1950	9	2	
27	3784498000	2	2089325	17724805	1370	9	2	
27	3787754568	2	3639046	46569177	1950	9	4	
27	3788389291	2	3639046	24042976	1950	9	4	
27	3789229843	2	3639046	27796246	1370	9	4	
27	3789230843	3	3639046	27796246	1370	9	4	
27	3955774000	2	2089325	43990313	1950	9	2	
27	3975200000	2	944425	44320520	1752	9	5	
27	4537319000	1	6542162	43990313	1950	14		
27	4537323000	2	6542162	43990313	1950	14	2	
27	4537350000	2	6542162	43990313	1950	14	2	
27	4537367000	2	6542162	43990313	1950	14	2	
27	4549331000	1	6922388	43990313	1950	14		
27	4554898000	2	6542162	43990313	1950	14	2	
27	4555912594	2	6542162	40467623	1551	14	1	
27	4555915000	2	6542162	40467623	1551	14	2	
27	4561464000	2	4701866	7068248	1950	9	2	
27	4561465000	3	4701866	7068248	1950	9	2	
27	4840384000	2	1760904	17062555	1752	9	2	
27	6026959000	2	4116014	43990313	1950	9	2	
27	6026981000	2	4116014	43990313	1950	9	2	
27	6956167000	1	7125608	43990313	1950	2		
27	6956200000	2	7125608	43990313	1950	2	2	
27	7402419000	2	6688334	3650504	2166	9	2	
28	1770913000	1	1318165	47998680	2582	14		
28	4080873000	1	5412900	51933099	3263	9		
28	4080879938	2	5412900	51933099	3263	9	1	
28	6096085000	1	2394509	35563202	2582	9		
29	4304773000	2	3262325	10731923	2820	13	5	
29	5008172000	1	539653	10731923	2820	9		
29	5008183799	2	539653	10731923	2820	9	4	
29	5008229830	2	539653	10731923	2820	9	4	
29	5008275000	1	539653	10731923	2820	9		
29	5008284117	2	539653	10731923	2820	9	4	
29	5064427311	2	2053275	4772090	2820	9	4	
29	5090244688	2	539653	10731923	2820	9	4	
30	217084000	1	5537629	10575277	432	6		
30	217142691	2	5537629	10575277	432	6	4	
30	231431642	2	5537629	6035588	433	6	4	
30	592987139	2	5537629	17024680	433	14	1	
30	803411000	1	3978787	47819499	433	2		
30	803416837	2	3978787	47819499	433	2	4	
30	908799567	2	878347	2618688	433	14	4	
30	926835000	1	878347	48715253	1826	14		
30	1098582000	1	2177776	17412891	433	14		
30	1109738000	1	297320	3424841	1826	2		
30	1113472000	1	5901876	3424841	1826	2		
30	1114542000	1	878347	26836095	1826	2		
30	1239405698	3	1226865	14718597	433	2	1	
30	1239426353	2	1226865	14718597	433	2	0	
30	1611078780	2	6586138	7388736	297	9	4	
30	1681741440	2	2176459	23679672	174	9	4	
30	1682104553	2	2176459	41764390	174	9	4	
30	1686431000	1	1223017	22815138	1826	9		
30	1697004658	3	1156733	47420547	1826	9	1	
30	1771290200	3	194007	33486788	1826	14	4	
30	1865656773	3	2183469	20793195	328	9	4	
30	1865658694	2	2183469	20793195	328	9	4	
30	2029200298	2	2057689	40506232	433	2	4	
30	2038342000	1	2177776	27365902	1826	14		
30	2038350127	2	2177776	27365902	1826	14	4	
30	2456114962	2	4944535	21323350	1826	14	4	
30	2456160134	2	4944535	21323350	1826	14	4	
30	2468343904	2	2176459	8396201	1826	14	4	
30	2802374000	1	2057689	11936990	174	14		
30	2976516112	2	4647499	6769465	1826	2	4	
30	2976517112	3	4647499	6769465	1826	2	4	
30	3060891723	3	1895474	4210305	433	9	4	
30	3318615000	2	4731547	40506232	433	9	3	
30	3491748921	2	4074639	41764390	174	9	4	
30	3497811000	1	5537629	47778950	297	9		
30	3946309000	2	4031065	1956297	1826	9	2	
30	4904396460	2	6816416	43101281	1392	2	4	
30	5037263000	1	3978787	40506232	433	9		
30	5038938669	2	1879373	12321974	432	9	4	
30	5305116502	2	5165362	17412891	433	14	4	
30	5305117502	3	5165362	17412891	433	14	4	
30	5309895908	3	1223017	35242178	1826	2	4	
30	5786427814	2	1223017	40506232	433	9	4	
30	6087839997	2	1524384	21266961	174	9	4	
30	6087842785	2	1524384	40597969	1826	9	4	
30	6087853158	2	1524384	40597969	1826	9	0	
30	6458908104	2	4258143	48715253	1826	14	0	
30	6458909104	3	4258143	48715253	1826	14	0	
30	6788535842	2	220747	16114042	1826	9	4	
30	6788536842	3	220747	16114042	1826	9	4	
31	7166709000	1	1926377	47659178	821	6		
32	149565000	1	3084054	19775758	3188	9		
32	153452000	2	3084054	33964898	921	9	2	
32	219684000	2	5212820	14312850	2914	9	2	
32	221536000	2	5268464	20663496	3188	9	2	
32	413531686	0	5750476	19420475	3188	14		
32	413532000	1	5750476	19420475	3188	14		
32	413559262	2	5750476	19420475	3188	14	1	
32	413597314	2	5750476	19420475	3188	14	0	
32	487544000	1	5884120	27263055	921	14		
32	488064682	2	5884120	31245530	921	14	0	
32	753362329	2	6114584	31245530	921	2	1	
32	842680000	1	2429506	31245530	921	14		
32	850347000	1	359103	5242183	2914	6		
32	850359066	2	359103	5242183	2914	6	1	
32	850871503	2	6930039	45651231	2914	6	1	
32	1358520000	1	1120768	19775758	3188	9		
32	2445657000	2	4031484	31245530	921	9	5	
32	2909982000	2	4467022	37978835	921	2	2	
32	2911692000	1	4467022	12801526	921	2		
32	3498038000	2	3084054	37989321	921	9	2	
32	3931294000	2	4467022	20663496	3188	9	2	
32	4361274000	3	2757994	31245530	921	13	2	
32	4366508572	2	3304987	12801526	921	13	1	
32	4366918000	1	7039663	12801526	921	13		
32	4369478000	1	1604371	11046204	921	13		
32	4369614000	1	1604371	2773439	921	13		
32	4463241000	2	6237979	20942334	281	9	5	
32	4555589000	1	2757994	12147295	921	9		
32	4561607000	2	4467022	38149309	921	9	5	
32	4561665000	2	4467022	38149309	921	9	2	
32	4561717000	1	4467022	38149309	921	9		
32	4625817000	1	4031484	10830379	2914	9		
32	4625822000	2	4031484	10830379	2914	9	2	
32	4625877000	2	3742096	10830379	2914	9	2	
32	4625907000	2	3742096	10830379	2914	9	5	
32	4641836000	1	2757994	19420475	3188	9		
32	4641840000	2	2757994	19420475	3188	9	2	
32	5330524000	2	4467022	14754116	3188	9	2	
32	6006120000	1	3742096	10647725	2914	9		
32	6006122000	2	3742096	10647725	2914	9	2	
32	6024569000	2	4467022	3644501	3188	9	5	
32	6109553000	2	1106178	37989321	921	9	2	
32	6109564000	2	1106178	20663496	3188	9	2	
32	6388324000	1	1106178	37989321	921	9		
32	6430387000	2	3742096	23123046	281	9	5	
32	6609063000	2	3742096	20367570	921	6	2	
32	6609711000	2	3742096	31245530	921	6	2	
32	6785481000	2	4031484	37989321	921	9	2	
32	6787603000	2	4031484	15775653	921	9	2	
32	6905043000	2	6114584	27263055	921	9	5	
33	1370840000	1	6997929	49117959	721	14		
33	3094528000	1	6997929	49117959	721	9		
33	3150752975	2	4927639	51777848	253	14	1	
33	6210106000	1	6997929	49117959	721	9		
33	6529219790	2	83661	49117959	721	14	4	
34	58702826	2	5683530	45794925	3187	14		
34	231638494	2	432292	36425504	1802	2	4	
34	244649999	2	1175352	548784	3187	9	4	
34	255160419	3	432292	31510760	1816	9		
34	756126938	3	1346587	548784	3187	14		
34	931847894	3	1175352	548784	3187	14		
34	1359337215	3	5257519	45794925	3187	2		
34	2026816390	2	1742632	548784	3187	6		
34	3749939187	3	2490015	16213548	3187	14		
34	3775520892	2	1486533	548784	3187	2	4	
34	4297168000	1	7279777	5161758	3187	9		
34	4297669000	1	7279777	548784	3187	9		
34	4362366559	2	2565764	45794925	3187	9		
34	4385062815	3	432292	37207718	3187	9	1	
34	4385071205	2	432292	37207718	3187	9		
34	4631495068	2	4738982	45794925	3187	9		
34	4647276971	3	432292	2294672	3142	9		
34	4648406182	3	793959	52308414	3257	9		
34	4731811326	2	432292	33236818	3142	20		
34	4839672845	2	432292	6839974	3257	14		
34	4839673845	3	432292	6839974	3257	14		
34	5067943275	3	3959663	33236818	3142	14		
34	5071322758	2	3998171	2999773	3187	14		
34	5091979000	2	432292	5249046	2199	14	5	
34	5091993000	1	432292	5249046	2199	14		
34	5151745034	3	5080232	26452784	3257	14		
34	5774546471	2	1018390	548784	3187	14	4	
34	5948244896	2	1018390	548784	3187	2		
34	5960472293	2	432292	11280229	2199	2		
34	6808954712	2	1018390	548784	3187	14		
34	6808970409	2	1018390	548784	3187	14	4	
34	6808993000	2	1018390	548784	3187	14	5	
34	6809012000	2	1018390	548784	3187	14	5	
34	6809059000	2	1018390	548784	3187	14	2	
34	6812641536	2	1018390	49181755	2199	14	1	
34	6827002000	2	432292	49181755	2199	14	5	
34	6897202000	2	1018390	548784	3187	2	2	
34	6915880916	2	432292	11280229	2199	2		
34	7153858000	2	1231472	548784	3187	6	5	
34	7153867000	2	1231472	548784	3187	6	5	
34	7156319438	2	1231472	548784	3187	6		
34	7156346000	2	1231472	548784	3187	6	5	
34	7237508611	2	4361618	548784	3187	6	1	
34	7251000000	2	1231472	11280229	2199	14	2	
34	7251004327	2	1231472	11280229	2199	14		
34	7254581923	3	1231472	11280229	2199	6		
34	7320412000	1	4357547	45794925	3187	6		
34	7557495146	2	5276940	548784	3187	14		
34	7557496146	3	5276940	548784	3187	14		
34	7559485651	3	5176834	37207718	3187	2		
35	67112329	3	5032749	28059781	1378	14	4	
35	200699658	3	3435585	18461441	1812	14	4	
35	236002317	3	3212851	30286136	1378	14	4	
35	377283000	1	3435585	10534466	1812	9		
35	377501000	1	3435585	6184922	1812	9		
35	414660086	2	3597624	30286136	1378	9	4	
35	414661086	3	3597624	30286136	1378	9	4	
35	418387631	2	5032749	28059781	1378	9	4	
35	418433897	3	5032749	28059781	1378	9	4	
35	585262182	2	5032749	30286136	1378	2	4	
35	631563950	3	3435585	30698819	1812	20	4	
35	977619409	2	3435585	18461441	1812	9	4	
35	1018334684	2	5032749	30286136	1378	9	4	
35	1018497721	3	5032749	26711236	1378	9	4	
35	1236474169	2	3435585	30698819	1812	19	4	
35	1323362338	3	3435585	18461441	1812	9	4	
35	1621585997	2	5032749	30286136	1378	9	4	
35	1755426185	3	3435585	18461441	1812	20	4	
35	1964007552	2	3212851	30286136	1378	9	4	
35	2187231100	3	3435585	18461441	1812	9	4	
35	2228134370	2	5032749	30286136	1378	9	4	
35	2274289133	2	3435585	39945915	1812	9	4	
35	2285481029	3	3435585	30428435	1378	9	4	
35	2498142741	3	5032749	30286136	1378	20	4	
35	2533098000	1	3435585	18461441	1812	14		
35	3050816238	2	3435585	18461441	1812	9	4	
35	3396803867	2	3435585	18461441	1812	2	4	
35	3569274970	3	3435585	36896601	1812	9	4	
35	3655867118	2	3435585	18461441	1812	2	4	
35	3680488622	3	2696058	30286136	1378	9	4	
35	3758306000	1	3212851	30286136	1378	9		
35	4001971784	2	3435585	18461441	1812	2	4	
35	4174249396	2	3435585	18461441	1812	2	4	
35	4383046736	2	3212851	30286136	1378	9	4	
35	4657240606	2	1352346	35575002	1812	9	4	
35	4779101987	2	3435585	18461441	1812	9	4	
35	4952417874	2	3435585	18461441	1812	2	4	
35	5249895950	2	5032749	28059781	1378	9	4	
35	5422581708	3	5032749	30286136	1378	9	4	
35	5509331413	3	1352346	18461441	1812	2	4	
35	5815821431	2	3435585	18461441	1812	2	4	
35	5902373217	2	3435585	18461441	1812	2	4	
35	6027521057	3	5032749	30286136	1378	9	4	
35	6162293571	2	3435585	18461441	1812	20	4	
35	6421005595	2	3435585	18461441	1812	9	4	
35	6421006595	3	3435585	18461441	1812	9	4	
35	6507140614	3	3435585	18461441	1812	9	4	
35	6593471580	3	3435585	18461441	1812	9	4	
35	7067925520	3	5032749	47831847	1812	9	4	
35	7198296148	2	3435585	18461441	1812	9	4	
36	214433261	2	713666	29943831	759	9	4	
36	580807000	1	6347984	29943831	759	2		
36	580811976	2	6347984	29943831	759	2	4	
36	639587042	2	6347984	29943831	759	14	4	
36	3508679432	2	2239940	29943831	759	2	4	
36	3508707145	2	2239940	29943831	759	2	4	
36	3508711000	2	2239940	29943831	759	2	2	
36	5220128424	2	6347984	29943831	759	9	4	
36	5300714948	2	6347984	41179318	759	9	4	
36	7220150546	3	1282644	50193986	759	14	4	
36	7234962915	2	6019668	29943831	759	14	4	
36	7234970000	2	6019668	29943831	759	14	5	
37	6966408365	2	7115948	2391212	2847	9	0	
37	6966688190	2	7115948	2391212	2847	9	4	
37	6966700000	2	7115948	2391212	2847	9	2	
37	6966701000	3	7115948	2391212	2847	9	2	
37	6966729000	2	7115948	2391212	2847	9		
37	6966733000	2	7115948	2391212	2847	9	5	
38	164269000	1	6057710	43751316	1826	14		
38	164269000	1	1468060	43751316	1826	14		
38	1158940000	2	4684852	35242178	1826	14	2	
38	1158946360	2	4684852	35242178	1826	14	4	
38	2230065000	1	2972964	43751316	1826	2		
38	3313749000	1	6963707	24630465	432	9		
38	4465539000	1	2853167	6685945	1826	9		
38	4465571000	1	863562	6685945	1826	9		
38	4549620000	2	4162587	14893407	1826	9	2	
38	4549623326	2	4162587	14893407	1826	9	0	
38	4549661000	2	4162587	14893407	1826	9	2	
38	4549688560	2	4162587	14893407	1826	9	0	
38	4549721000	2	4162587	14893407	1826	9	2	
38	4550058329	2	4162587	16361230	1826	9	0	
38	4550059329	3	4162587	16361230	1826	9	0	
38	4566973000	1	576295	40996208	1392	9		
38	4566977962	2	576295	40996208	1392	9	0	
38	4566978962	3	576295	40996208	1392	9	0	
38	6355654198	2	5995392	8744689	1826	2	0	
38	6355655000	2	5995392	8744689	1826	2	2	
38	6882950000	1	3659460	6685945	1826	9		
38	6882958033	2	3659460	6685945	1826	9	0	
38	6882960126	2	3659460	6685945	1826	9	4	
38	6882968000	2	3659460	6685945	1826	9	5	
38	6883018010	6	3659460	6685945	1826	9	5	
39	2211746000	2	6304660	37454560	3161	14	2	
39	2211753942	3	6304660	12773864	3161	14	4	
39	2236024615	2	370938	21856628	3161	14	4	
39	2282327362	2	154107	21856628	3161	14	4	
39	2282328362	3	154107	21856628	3161	14	4	
39	2287179000	1	1510186	29111704	1783	14		
39	2292338159	2	268632	46582977	2883	14	4	
39	2294096000	2	6074926	46582977	2883	14	2	
39	2308826405	2	3285403	21856628	3161	14	4	
39	2365464520	2	70765	28387361	3161	14	4	
39	2373213144	2	6852043	5471478	245	14	4	
39	2373214144	3	6852043	5471478	245	14	4	
39	2375661217	2	6852043	38384111	245	14	1	
39	2445910667	2	4174446	21856628	3161	14	4	
39	2468406162	2	574225	21856628	3161	6	4	
39	2469635425	2	70765	21856628	3161	6	4	
39	2486643344	2	1638555	21856628	3161	6	4	
39	2536113153	2	2798012	12970885	3161	6	4	
39	2536126792	2	2798012	12970885	3161	6	4	
39	2538921142	2	2798012	9056780	245	6	4	
39	2538921437	2	2798012	9056780	245	6	4	
39	2538922249	2	2798012	9056780	245	6	4	
39	2548790335	2	6304660	10065060	245	6	4	
39	2549043492	2	5467043	34707518	245	6	4	
39	2549060776	2	5467043	21856628	3161	6	4	
39	2549120166	2	6304660	19552917	805	6	4	
39	2549131000	1	6304660	1316515	245	6		
39	2549165423	2	5467043	15531373	245	6	4	
39	2549173500	2	5467043	21856628	3161	6	4	
39	2549751768	2	4266784	5271338	3161	6	4	
39	2551349949	2	1695271	12534747	1783	6	4	
39	2551376963	2	1695271	45805035	1783	6	4	
39	2551377963	3	1695271	45805035	1783	6	4	
39	2554225819	2	2798012	8311232	3161	19	4	
39	2554226819	3	2798012	8311232	3161	19	4	
39	2566210000	1	5341487	21856628	3161	19		
39	2566337128	2	5341487	21856628	3161	19	4	
39	2566666000	2	5341487	9498053	3161	19	2	
39	2576337000	2	6304660	12937628	2883	6	2	
39	2576346112	2	6304660	12937628	2883	6	0	
39	2576348000	2	6304660	12937628	2883	6	2	
39	2577801532	0	6785263	12937628	2883	19		
39	2627680000	1	3470417	5471478	245	19		
39	2627843000	1	3470417	5471478	245	19		
39	2630459793	2	5467043	5471478	245	19	4	
39	2630565329	2	5467043	5471478	245	19	4	
39	2634022000	1	1337924	5829085	817	19		
39	2634257708	2	1337924	5829085	817	19	1	
39	2634258708	3	1337924	5829085	817	19	1	
39	2650346472	2	4266784	21856628	3161	14	4	
40	135366000	2	275035	37837585	1370	2	2	
40	155165544	2	2643743	16159906	1370	9	4	
40	318600068	2	3090003	16159906	1370	14	4	
40	499117824	2	1449368	21046279	1370	9	0	
40	507021410	2	6218311	40667705	1370	9	0	
40	1208756000	2	514827	38417910	1370	14	2	
40	1208758343	2	514827	38417910	1370	14	0	
40	1208763179	2	514827	38417910	1370	14	1	
40	1781012000	2	413782	16159906	1370	14	2	
40	1928440535	2	275035	36819234	1370	2	4	
40	1928724903	3	275035	18719848	1370	2	0	
40	2137093499	2	3848227	16159906	1370	2	4	
40	2227874598	2	6218311	22456774	1370	2	0	
40	2348562245	2	871836	38640978	1370	9	0	
40	2348563245	3	871836	38640978	1370	9	0	
40	3200820205	2	7052070	44605590	1370	9	0	
40	3451624053	2	3090003	16159906	1370	9	0	
40	3451628000	2	3090003	16159906	1370	9	2	
40	3968745000	1	6568305	21555001	1370	9		
40	4038210805	2	6966914	16159906	1370	2	4	
40	4038215000	2	6966914	16159906	1370	2	2	
40	4038237000	2	6966914	16159906	1370	2	2	
40	4046771000	2	1754243	16159906	1370	9	2	
40	4046789664	2	1754243	16159906	1370	9	4	
40	4051477000	2	809621	38828657	836	9	2	
40	4054649102	2	6259118	35108498	2166	9	4	
40	4062221000	2	871836	29349576	1752	9		
40	4062224000	2	871836	29349576	1752	9	2	
40	4062237252	2	1754243	29349576	1752	9	4	
40	4062242251	2	809621	29349576	1752	9	4	
40	4062246000	2	809621	29349576	1752	9	2	
40	4109986010	6	275035	39926985	1370	9	5	
40	4110010000	2	275035	39926985	1370	9	5	
40	4398838164	3	5842365	19876864	1752	9	1	
40	4399070000	2	6257176	42954036	1752	9	2	
40	4399074690	2	6257176	42954036	1752	9	4	
40	4399101858	3	6257176	42954036	1752	9	1	
40	4415277000	2	871836	52160527	1551	9	2	
40	4415280577	2	871836	52160527	1551	9	4	
40	4492591929	2	5748027	37837585	1370	9	1	
40	4652927532	3	871836	7300973	1370	9	0	
40	5448837000	2	5673119	39926985	1370	9		
40	5448841046	2	5673119	39926985	1370	9	0	
40	5780123000	2	6328317	16159906	1370	2	2	
40	5780124216	2	6328317	16159906	1370	2	4	
40	5780145446	2	2403034	16159906	1370	2	4	
40	6046222000	1	5750076	9644569	1370	9		
40	6046300000	2	5750076	22982457	1370	9	2	
40	6046310694	2	5673119	22982457	1370	9	4	
40	7084469734	2	5563941	18719848	1370	9	4	
41	1583384000	1	4839155	12434724	2170	14		
41	1583392000	2	4839155	12434724	2170	14	2	
41	1583444000	2	4839155	12434724	2170	14	2	
41	1583470000	2	4839155	12434724	2170	14	2	
41	1587400299	2	4839155	15353926	2701	2	1	
41	2462339594	2	2066321	29261048	2883	6	4	
41	2569799490	2	2948864	29261048	2883	14	4	
41	2569805657	2	2948864	29261048	2883	14	0	
41	2569806657	3	2948864	29261048	2883	14	0	
41	2721080562	2	3555665	23343915	2170	14	4	
41	2757754718	2	844672	23343915	2170	6	4	
41	2757853439	2	844672	23343915	2170	6	4	
41	2757858531	2	5719905	23343915	2170	6	4	
41	2922646835	2	3158729	23343915	2170	9	4	
41	3103077000	1	5433237	23343915	2170	9		
41	3103118341	2	282448	23343915	2170	9	4	
41	3103147328	2	5433237	23343915	2170	9	4	
41	3498201000	1	5719905	10861603	3161	9		
41	3498220641	2	5719905	10861603	3161	9	4	
41	3499274571	2	405182	10861603	3161	9	4	
41	3499284733	2	405182	10861603	3161	9	4	
41	3502054244	2	405182	23343915	2170	2	4	
41	3763240000	1	405182	29261048	2883	9		
41	4033200706	2	4329868	29261048	2883	14	4	
41	4087821000	1	565213	24632693	2170	9		
41	4087875563	2	565213	29261048	2883	9	4	
41	4109999000	1	4895346	3790271	2883	9		
41	4177005000	1	4895346	39010294	2883	9		
41	4177010936	2	4895346	39010294	2883	9	4	
41	4177035997	7	4895346	10861603	3161	9	4	1944462
41	4588010006	2	4895346	8188531	3161	9	4	
41	4588064000	1	4009557	8713652	3161	9		
41	4588068403	2	4009557	8713652	3161	9	4	
41	5587048000	1	4329868	29261048	2883	2		
41	5587054429	2	4329868	29261048	2883	2	4	
41	5587060517	2	4329868	10861603	3161	14	4	
41	6420794901	2	6968300	23343915	2170	9	4	
41	7134548000	1	439782	29261048	2883	2		
41	7301393000	2	4975663	10861603	3161	6		
41	7301442000	2	4975663	10861603	3161	6		
41	7301455000	2	4975663	10861603	3161	6		
41	7408015000	2	6240071	10861603	3161	9		
42	1174681739	2	6130874	41367250	1121	2	4	
42	1174681865	2	6130874	41367250	1121	2	4	
42	1176039523	2	6130874	48756964	1121	2	4	
42	1182698217	2	3172003	37058390	3098	14	4	
42	1188931216	2	3172003	22821108	2348	9	4	
42	1189940000	1	3172003	40150400	835	9		
42	1198016865	2	3172003	14052276	1709	14	1	
42	1951321245	2	5392138	50310231	1593	14	4	
42	1951322245	3	5392138	50310231	1593	14	4	
42	1951772000	1	5392138	37223350	1593	14		
43	833782000	1	7017045	41903943	258	14		
43	1955897217	2	5169544	28411165	258	14	4	
43	2638192003	2	51395	41903943	258	14	4	
43	2645805378	2	2644777	33709778	580	14	4	
43	2847682000	1	377029	41903943	258	2		
43	2847715000	1	1991626	41903943	258	2		
43	2847715000	1	3471301	41903943	258	2		
43	2915413044	2	51395	28411165	258	14	4	
43	2958070768	2	51395	41903943	258	14	4	
43	3004619000	1	3032171	33709778	580	14		
43	3008934000	1	1971568	33709778	580	2		
43	3024152592	2	5240678	41903943	258	2	4	
43	3685732000	1	51395	28411165	258	9		
43	4030155000	1	5575889	28411165	258	14		
43	4035784272	2	2429770	20057928	580	14	4	
43	4048778331	2	411492	50732901	580	14	4	
43	4101410700	0	44834	28411165	258	9		
43	4101419425	0	3948017	28411165	258	9		
43	4129447855	2	1725019	3850790	580	9	4	
43	4129458000	2	1725019	34248882	258	9	2	
43	4275026341	2	5575889	28411165	258	9	4	
43	4305688345	2	5561136	20765779	580	13	4	
43	4388526264	2	6076088	27014362	2428	13	4	
43	4442199004	0	1146051	41903943	258	9		
43	4442208526	0	1146051	41903943	258	9		
43	4724929452	2	4618362	28411165	258	2	4	
43	4732990471	2	1499701	28411165	258	9	4	
43	4733108000	1	1499701	28411165	258	9		
43	4733110231	2	1499701	28411165	258	9	4	
43	4794195770	2	3070104	41903943	258	6	4	
43	4893717777	2	7006155	28411165	258	9	4	
43	4903020159	2	5209327	28411165	258	2	4	
43	4903024352	2	5209327	28411165	258	2	4	
43	4903028000	2	737248	50732901	580	2	2	
43	4905714993	2	737248	28411165	258	9	4	
43	4905715058	2	737248	28411165	258	9	4	
43	4991950000	1	7064956	28411165	258	9		
43	4991973000	1	7064956	28411165	258	9		
43	4991979997	2	7064956	28411165	258	9	4	
43	4992000174	2	1499701	47829206	1241	9	4	
43	4996537000	1	1499701	47829206	1241	9		
43	5004076000	1	2920742	47829206	1241	9		
43	6025870400	2	51395	28411165	258	9	4	
43	6202782633	2	1506665	41903943	258	9	4	
43	6281413063	2	5575889	29598978	1240	14	4	
43	6596695341	2	7049919	28411165	258	14	4	
43	6884470348	2	1506665	41903943	258	9	4	
43	6949695000	1	2730393	41903943	258	9		
43	7052506000	1	4439652	28411165	258	9		
43	7052600362	2	4439652	28411165	258	9	4	
44	2301068673	2	735616	49411997	1915	6	4	
44	4424059942	2	7008968	46484413	1915	9	4	
44	4645351640	2	5824404	46484413	1915	2	4	
44	4674135000	1	5824404	46484413	1915	9		
44	4674139986	2	5824404	46484413	1915	9	4	
44	4709510436	3	5824404	46484413	1915	14	4	
44	4893451527	2	5824404	29667525	1915	2	4	
44	4893452527	3	5824404	29667525	1915	2	4	
44	4898913000	1	4394384	33640714	1260	2		
44	5004114145	2	1495058	46484413	1915	9	4	
44	5004350919	2	4349471	46484413	1915	9	4	
44	5350033033	2	4944300	46484413	1915	9	4	
44	5350986498	2	221785	46484413	1915	9	4	
44	5400044444	2	4944300	46484413	1915	2	4	
44	5610684000	1	322783	46484413	1915	9		
44	5610725000	1	322783	46484413	1915	9		
44	5611085000	2	322783	46484413	1915	9	2	
44	5611105000	2	5824404	46484413	1915	9	2	
44	6553775000	1	5780265	46484413	1915	9		
44	7274743201	2	6107233	46484413	1915	9	4	
44	7276849440	2	6107233	46484413	1915	9	4	
44	7277302067	2	6107233	46484413	1915	9	4	
44	7277565744	2	6107233	46484413	1915	9	4	
44	7279263068	2	4394384	26679433	1915	9	4	
44	7359577054	2	4924819	46484413	1915	9	4	
45	568843891	2	5200293	36628672	3246	9	4	
45	578145224	2	2693505	49380114	2806	9	4	
45	592262414	2	2693505	28054758	2806	2	1	
45	592263414	3	2693505	28054758	2806	2	1	
45	608985000	1	1847187	28054758	2806	2		
45	665724283	2	2693505	9937280	2806	2	4	
45	665730032	3	2693505	9937280	2806	2	1	
45	666346822	3	2693505	9937280	2806	2	1	
45	666565001	2	2693505	49380114	2806	2	4	
45	667375000	2	2693505	28054758	2806	2	5	
45	667393564	2	2693505	28054758	2806	2	4	
45	667420195	3	2693505	28054758	2806	2	1	
45	767313907	2	2693505	3583321	1140	14	4	
45	770137000	1	1847187	28054758	2806	14		
45	771712148	2	2896861	33565431	3098	6	4	
45	844782000	1	1847187	28054758	2806	2		
45	847098122	2	2896861	28054758	2806	9	4	
45	847099122	3	2896861	28054758	2806	9	4	
45	911745113	2	5465128	30763804	3246	2	4	
45	926142418	2	2896861	30147075	1121	2	4	
45	2252481254	2	2832568	30763804	3246	19	4	
45	2515557687	2	2832568	30763804	3246	9	4	
45	2703231955	2	825043	30763804	3246	14	4	
45	5269391174	2	4560273	30763804	3246	9	4	
45	5798000664	2	6619702	30763804	3246	2	4	
45	5910214774	2	1584280	30763804	3246	2	4	
45	5989346731	2	1584280	30763804	3246	20	4	
45	5991890786	3	6619702	25603535	3246	20	4	
45	5993044370	2	6619702	8118565	3246	20	4	
45	5993045370	3	6619702	8118565	3246	20	4	
45	5993179007	2	6619702	13888865	3246	20	4	
45	6079628072	2	1584280	30763804	3246	20	4	
45	6354523090	3	4220270	5009432	3246	14	4	
45	6368257554	2	2896861	13842339	1709	14	4	
45	6368258554	3	2896861	13842339	1709	14	4	
45	6796091346	2	5587016	30763804	3246	14	4	
45	6796374546	2	5587016	30763804	3246	14	4	
45	6796403463	2	5587016	30763804	3246	14	4	
45	6796436294	2	5587016	30763804	3246	14	4	
45	7266972665	2	5587016	30763804	3246	14	4	
45	7266990806	7	5587016	30763804	3246	14	4	73646
45	7266990808	7	5587016	30763804	3246	14	4	
45	7267068793	2	5587016	30763804	3246	14	4	
45	7267149785	7	5587016	30763804	3246	14	4	6983129
45	7267214492	2	5587016	30763804	3246	14	4	
45	7620428523	2	6983129	30763804	3246	9	4	
45	7754788416	2	5109675	14566437	3123	9	4	
45	7754789416	3	5109675	14566437	3123	9	4	
45	7759879645	2	2896861	51280632	3123	9	4	
45	7770745000	2	3022722	4233597	3246	9		
46	5947098477	2	3816653	1317084	1378	9	4	
46	6051726930	2	120877	1317084	1378	19	4	
46	6072238625	2	570620	10300635	2062	20	4	
46	6072253353	2	570620	30428558	2483	20	4	
46	6072259000	2	570620	30428558	2483	20	2	
46	6074075000	2	570620	30428558	2483	20	2	
46	6087558010	6	3119848	37889059	2590	20	5	
46	6088002579	2	3119848	37889059	2590	20	4	
46	6111220000	2	134365	1317084	1378	20	5	
46	6162556163	3	101797	1317084	1378	20	4	
46	6162615614	3	101797	1317084	1378	20	1	
46	6169883438	2	134365	10654807	2539	20	4	
46	6190341906	2	2642045	7467	2707	14	1	
46	6200611000	2	3119848	7467	2707	2	2	
46	6201922000	3	3119848	52145460	359	2	2	
46	6211554000	2	3816653	1317084	1378	14	2	
46	6256277000	1	6205280	1317084	1378	2		
46	6265700000	2	3816653	1317084	1378	9	5	
46	6270256000	2	3816653	1317084	1378	9	2	
47	236953222	2	6132321	13723332	1551	2	4	
47	282537201	3	4122437	2245534	1551	2	4	
47	824875790	2	1385474	42153472	1551	2	4	
47	824899000	1	4122437	42153472	1551	2		
47	1219314945	2	4002922	15778526	1551	14	0	
47	1383240869	2	6576393	111285	1551	2	4	
47	1405883299	2	6576393	52181843	1551	9	4	
47	1405893423	2	6576393	52181843	1551	9	4	
47	1518143357	2	4135401	111285	1551	2	4	
47	1518171851	2	4135401	111285	1551	2	4	
47	1518185766	2	4135401	11575441	1551	2	4	
47	1518480421	2	721210	111285	1551	2	4	
47	1953656721	2	5231929	45655535	1551	2	4	
47	2015524167	2	2974024	38585610	1551	2	4	
47	2015525167	3	2974024	38585610	1551	2	4	
47	2301058000	1	5696999	51996522	1551	14		
47	2333375883	2	6922388	111285	1551	9	4	
47	2366951000	1	6922388	52181843	1551	2		
47	2366954864	2	6922388	52181843	1551	2	4	
47	2367080000	1	6922388	42522708	1551	2		
47	2367083683	2	6922388	42522708	1551	2	4	
47	2367121000	1	6922388	42522708	1551	2		
47	2367124931	2	6922388	42522708	1551	2	4	
47	2367131755	2	6922388	42522708	1551	2	4	
47	2367581126	2	6922388	14676797	1551	2	4	
47	2367592000	1	6922388	14676797	1551	2		
47	2367697752	2	6922388	30820172	1551	9	4	
47	2369420610	2	5231929	16905743	836	9	4	
47	2619343881	3	2974024	111285	1551	9	4	
47	3265099000	1	6132321	28793975	1752	9		
47	3265104001	2	6132321	28793975	1752	9	4	
47	3265105001	3	6132321	28793975	1752	9	4	
47	4380452329	2	3478191	26710513	1551	2	4	
47	4381160202	3	3478191	26710513	1551	2	0	
47	4448917506	2	4847931	42153472	1551	9	4	
47	4477794000	1	4847931	45655535	1551	9		
47	4496623379	3	4002922	42118986	1752	9	4	
47	5151000910	2	6830731	13036263	1752	9	1	
47	5151001910	3	6830731	13036263	1752	9	1	
47	5152014347	2	6132321	32589756	1752	9	4	
47	5152018000	2	6132321	32589756	1752	9	2	
47	5794469563	2	7153417	111285	1551	2	4	
47	6205869025	2	6452868	45655535	1551	9	4	
47	6265520000	1	1385474	111285	1551	9		
47	7236019000	1	6132321	111285	1551	2		
47	7236023224	2	6132321	111285	1551	2	4	
47	7236024224	3	6132321	111285	1551	2	4	
47	7537600263	2	6680283	48942304	1260	9	4	
47	7539467409	2	6132321	14295278	1915	9	4	
47	7539468409	3	6132321	14295278	1915	9	4	
48	5058128000	2	6083798	24793635	836	9	5	
48	6197605000	2	3591433	22276042	3142	14	2	
48	6197737000	2	3591433	22276042	3142	14	2	
48	6203293505	2	3927033	34945334	1802	2	4	
48	6203296575	2	3927033	34945334	1802	2	1	
48	6253512000	2	3914834	34945334	1802	14	2	
48	6253544000	2	3914834	34945334	1802	14	2	
48	6352835000	1	1587232	47051380	1802	6		
48	6352844000	2	1587232	34945334	1802	6	2	
48	6352852703	2	1587232	34945334	1802	6	4	
48	6352858000	2	1587232	34945334	1802	6	5	
48	6352880000	2	1587232	34945334	1802	6	2	
49	6616659316	2	6591846	14957858	1127	14	4	
49	6706826669	2	27811	34945334	1802	14	1	
49	6706836556	2	27811	34945334	1802	14	4	
49	6707089000	1	7112358	34945334	1802	14		
49	6707092670	2	7112358	16083780	1802	14	1	
49	6707093670	3	7112358	16083780	1802	14	1	
49	6708267399	3	7112358	39298503	1802	14	1	
49	6708610878	2	7112358	39298503	1802	14	1	
49	6710290687	3	7112358	10393381	1802	14	1	
49	6712708112	2	6620304	34945334	1802	14	4	
49	6712708269	2	6620304	34945334	1802	14	4	
49	6712743000	2	6591846	34945334	1802	14	2	
49	6713055000	2	6591846	34945334	1802	14	2	
49	6713503000	1	4580221	16083780	1802	14		
49	6713507000	2	4580221	16083780	1802	14	2	
49	6715947884	2	6591846	16083780	1802	14	1	
49	6715951124	2	6591846	16083780	1802	14	1	
49	6715977000	1	2804754	16083780	1802	14		
49	6715980155	2	2804754	16083780	1802	14	1	
49	6734855653	2	6591846	34945334	1802	14	1	
49	6734878000	1	4580221	34945334	1802	14		
49	6776350334	2	6347826	2275896	1802	14	1	
49	6779400309	3	2804754	2275896	1802	14	1	
49	6784800092	2	1404418	2275896	1802	2	1	
49	6785237716	2	1404418	2275896	1802	14	1	
49	6795536000	2	5766436	45075436	1802	2	2	
49	6795554898	2	5766436	45075436	1802	2	1	
49	6795555898	3	5766436	45075436	1802	2	1	
49	6800962930	2	3473731	27170356	3142	2	1	
49	6805387000	1	1188694	34945334	1802	14		
49	6815709000	2	6175772	34945334	1802	14	2	
49	6815773000	2	1346587	34945334	1802	14	2	
49	6816231000	1	4580221	34945334	1802	14		
49	6816504000	1	225981	34945334	1802	14		
49	6857196000	2	6927967	34450291	1127	14	2	
49	6857895000	2	5383588	10998247	2199	14	2	
49	6860213974	3	5383588	2608370	1127	2	1	
49	6860319556	2	5383588	2608370	1127	2	4	
49	6860333734	3	6927967	2608370	1127	2	1	
49	6863674632	2	6175772	2608370	1127	2	1	
49	6864464729	2	6175772	50835057	1127	2	1	
49	6867629000	2	6261648	50835057	1127	14	2	
49	6870377626	2	6261648	2007441	1802	14	4	
49	6870377736	2	6261648	2007441	1802	14	4	
49	6870389727	2	2293398	2007441	1802	14	1	
49	6875632090	2	3726079	20236941	1802	14	1	
49	6878074000	2	3036689	47051380	1802	14	2	
49	6886409000	3	1346587	34945334	1802	14	2	
49	6887083000	2	1346587	34945334	1802	14	2	
49	6888904323	2	1346587	14957858	1127	14	1	
50	5728377965	2	1742295	32949013	2430	14	1	
50	5792159857	2	3438503	32949013	2430	2	1	
50	5850917501	2	3391589	32949013	2430	9	4	
50	5850918501	3	3391589	32949013	2430	9	4	
51	115505641	2	4951395	34109668	353	9		
51	388809998	2	2638992	18923139	1241	14	4	
51	388818288	2	3413533	25001440	1241	14	4	
51	478265421	2	4738938	16702181	3188	14		
51	478274112	2	5871451	19886875	2914	14		
51	478274741	2	5871451	19886875	2914	14	4	
51	478343540	2	4738938	36449468	2170	2		
51	478362143	2	3729692	36449468	2170	2		
51	1438488116	2	1444142	22298268	2883	14	4	
51	1716672009	2	4012670	25001440	1241	9	4	
51	2276048331	2	419572	44485310	2170	14	4	
51	2282480509	2	1620898	23739643	2170	14	4	
51	2307447603	2	6726941	36449468	2170	14	4	
51	2547672284	2	5331976	26625621	1783	6	4	
51	2581217533	4	6726941	7384833	2170	19		
51	2713688274	2	5331976	26625621	1783	14	4	
51	2713689208	2	5331976	26625621	1783	14	4	
51	2836787516	2	5090628	40086346	1260	9	4	
51	2836802248	2	4546329	40086346	1260	9		
51	2902016327	2	2758400	26625621	1783	14	4	
51	3253692447	2	4901401	27263055	921	9	4	
51	3327487000	2	2638992	52595424	353	2	2	
51	3436204000	2	2273717	52595424	353	2	2	
51	3436871000	2	2273717	52595424	353	2	2	
51	3515788878	7	7253671	25001440	1241	9		
51	3515821580	2	7253671	25001440	1241	9		
51	3540962733	2	3112938	36557245	1240	2	1	
51	3790173789	2	6046709	9207517	921	9	4	
51	4176612660	2	2882552	12651967	258	9		
51	4190376877	2	6215465	4902792	1241	9		
51	4211532719	2	6215465	4902792	1241	9		
51	4384837176	2	6056417	2881161	353	13		
51	5069726323	2	4317824	21936682	1240	9		
51	5303940263	2	4991849	41468540	1519	20		
51	5303941313	2	4991849	41468540	1519	20	4	
51	5303941483	2	4991849	41468540	1519	20	4	
51	5417641853	2	2825914	41468540	1519	14	1	
51	5417644611	2	4951395	19367944	1519	14	1	
51	5417645746	2	4951395	19367944	1519	14	4	
51	5425978502	3	2825914	41468540	1519	14	1	
51	5428485853	2	5248003	19367944	1519	9	4	
51	5430831914	3	2363070	19367944	1519	9	1	
51	5507681000	2	399700	19367944	1519	2	2	
51	6002791176	2	348691	41468540	1519	9	4	
51	6464763480	2	3916585	36622996	1240	9	4	
51	6515146431	2	3300509	51209509	2428	2		
51	6985460191	2	5470051	19458122	1416	9	4	
51	6985479361	7	5470051	19458122	1416	9		4349135
51	7119821000	2	5470051	12242701	1240	9	2	
51	7682078870	2	125649	41443819	1950	9		
52	40891354	3	5425396	32671816	359	6	4	
52	219358667	3	5716239	32671816	359	14	4	
52	235376900	2	630321	19486233	818	14	4	
52	236412047	2	630321	14870902	818	14	4	
52	493636753	0	6872864	49623056	359	9		
52	493663260	2	96063	49623056	359	9	4	
52	558414172	2	7285321	49623056	359	14	4	
52	560032179	3	7285321	49623056	359	14	4	
52	1082961000	1	5127674	45453876	2590	9		
52	1163609500	2	3674506	19486233	818	14	4	
52	1164619009	2	3674506	51684666	818	2	4	
52	1164620009	3	3674506	51684666	818	2	4	
52	1183354956	2	1040189	49623056	359	14	4	
52	1183361394	2	1040189	49623056	359	14	4	
52	1183403613	2	5114887	34294033	359	14	4	
52	1199543706	3	630321	52089731	1085	14	4	
52	1270950010	6	5627340	49623056	359	2	5	
52	1271634174	2	5627340	24503027	359	2	4	
52	1272324308	2	5627340	545486	359	2	4	
52	1859816271	2	5716239	32671816	359	2	4	
52	1861915052	2	5716239	49623056	359	9	4	
52	2036246705	2	5129845	49623056	359	9	4	
52	2636843066	2	5716239	24634495	359	14	4	
52	2723865657	3	5885231	25793291	359	9	4	
52	3250185193	2	630321	16205156	359	14	4	
52	3339314850	2	630321	17975357	359	9	4	
52	3928931434	2	5716239	35355143	359	14	4	
52	3939813279	2	630321	19486233	818	9	4	
52	3939814279	3	630321	19486233	818	9	4	
52	5052507119	2	5716239	32671816	359	9	4	
52	5661111125	2	5786031	49623056	359	9	4	
52	5673369639	2	5786031	49623056	359	9	4	
52	5756561838	2	630321	5045692	359	9	4	
52	5839808735	3	4064258	49623056	359	9	4	
52	5859752137	3	630321	13768962	359	9	4	
52	6009282354	3	5403573	34938632	359	9	4	
52	6278647835	2	630321	24379429	818	9	4	
52	6356199368	2	630321	5045692	359	9	4	
52	6609230000	2	630321	13768962	359	9	2	
52	6609237228	3	630321	13768962	359	9	4	
52	6609502656	2	630321	13768962	359	9	4	
52	6609503656	3	630321	13768962	359	9	4	
52	6609857484	2	630321	17975357	359	9	4	
52	6801783000	1	5621125	18081639	359	14		
52	7390560952	2	5716239	51980992	359	9	4	
52	7390572938	3	5716239	51980992	359	9	4	
52	7390623539	3	5716239	20567024	359	9	4	
52	7402970113	2	630321	19486233	818	9	4	
52	7406648637	2	630321	20768619	359	9	4	
52	7577675990	2	3674506	49623056	359	2	4	
53	114270602	2	2537903	46024997	458	9	4	
53	288522511	2	5714001	23098675	3263	2	4	
53	374228230	2	2097515	20373749	1881	9	4	
53	1148591865	3	5714001	42076236	3263	14	4	
53	1726069000	1	36499	11922461	3263	14		
53	1790425681	2	36499	15313056	3263	14	4	
53	1805034679	3	36499	39091482	357	9	4	
53	1889475701	2	477894	11050923	357	9	4	
53	2161091194	2	2057919	11922461	3263	2	4	
53	2228300687	2	3087822	19114475	1881	2	4	
53	2285734019	2	5110260	9163013	947	6	4	
53	2293024366	3	1180188	42663996	1915	6	4	
53	2299049354	2	312735	42839419	547	6	4	
53	2299050354	3	312735	42839419	547	6	4	
53	2311781590	2	3087822	35495554	547	14	4	
53	2317412412	3	5626056	35495554	547	6	4	
53	2323190000	1	6047296	17651569	1915	6		
53	2473977000	1	6135030	19866746	2582	9		
53	2475210232	3	6047296	5281778	3263	9	4	
53	2564823000	1	3004423	26487334	3263	2		
53	3571109769	2	3730933	50782879	3263	14	4	
53	4281822511	2	2977071	38139380	357	14	4	
53	4281890049	3	2977071	13735206	357	14	4	
53	4349418742	2	1383780	49010995	1260	2	4	
53	4708233369	2	5118441	11050923	357	14	4	
53	4754277454	2	1771763	51250217	3263	9	4	
53	4754327879	2	1771763	11408917	458	9	4	
53	4784537239	3	1771763	11408917	458	6	4	
53	4955382816	2	2043508	44202390	357	9	4	
53	5040864355	2	3352456	35563202	2582	9	4	
53	5154591257	2	1135066	40090458	2582	9	4	
53	5156721179	3	4115339	35563202	2582	9	4	
53	5911454439	2	5371502	30268063	947	2	4	
53	5920236135	2	6674455	33783483	3263	9	4	
53	6200368180	2	4100591	31271744	357	2	4	
53	6200368322	2	4100591	31271744	357	2	4	
53	6340316986	2	1394748	11922461	3263	9	4	
53	6340317986	3	1394748	11922461	3263	9	4	
53	6347006000	1	5778485	28697537	357	9		
53	6371487933	2	227700	22665016	357	2	4	
53	6382238031	3	227700	34840346	458	9	4	
53	6896104164	2	7060662	1272674	1881	9	4	
53	6899439000	1	7060662	35618330	357	9		
53	7568340501	2	4263955	19253389	357	9	4	
53	7588178868	2	6858363	37111127	357	9	4	
53	7656064186	2	573576	5182670	357	9	4	
53	7675726207	3	3937651	3650504	2166	9	4	
53	7683470428	3	2854425	3650504	2166	9	4	
53	7735591868	2	5874224	28949252	1551	9	4	
53	7735592868	3	5874224	28949252	1551	9	4	
54	5477914973	2	44364	16083780	1802	14	4	
54	5602937404	2	44364	16083780	1802	20	4	
54	5692183000	1	6591846	2275896	1802	14		
54	5692193884	2	6591846	2275896	1802	14	1	
54	5696524000	1	2118483	2275896	1802	14		
54	5696528321	2	2118483	2275896	1802	14	4	
54	5696547460	2	2118483	2275896	1802	14	1	
54	5696604000	1	2118483	2275896	1802	14		
54	5696607004	2	2118483	2275896	1802	14	1	
54	5696624739	2	2118483	2275896	1802	14	4	
54	5696624778	2	2118483	2275896	1802	14	4	
54	5847934000	1	4580221	49319177	253	14		
54	5847945559	2	4580221	531945	253	14	4	
54	5852508000	1	5025529	39298503	1802	14		
54	5852518080	2	5025529	39298503	1802	14	4	
54	5852521987	2	5025529	39298503	1802	14	4	
54	5858458000	1	4842492	1847380	1562	14		
54	5858964000	1	6084417	40969110	1300	2		
54	5859339234	2	6084417	49879482	1300	14	4	
54	5873689000	1	5191399	5627060	203	9		
54	5878484910	2	792164	31190061	203	14	4	
54	5878504000	2	792164	31190061	203	14	2	
54	5930052000	1	2082052	47056482	1709	2		
54	5930068949	2	2082052	47056482	1709	2	4	
54	5932656000	1	5882931	7937665	2974	2		
54	5933463000	1	5882931	44836429	1121	2		
54	5933470900	2	5882931	44836429	1121	2	1	
54	5933471900	3	5882931	44836429	1121	2	1	
54	5938607648	2	3919180	45882258	1121	9	1	
54	5939995000	1	6069735	45882258	1121	14		
54	5953132418	2	2082052	44368933	1121	9	4	
54	5962972000	1	2082052	32574744	2974	20		
54	6012689252	2	7159338	37058390	3098	14	4	
54	6022839938	2	7248097	27312448	3098	14	4	
54	6025781000	1	7010062	7716725	1121	2		
54	6030682015	2	561097	50666195	2974	14	4	
54	6039316402	2	4643261	13620965	2422	14	1	
54	6039328000	2	4643261	13620965	2422	14	2	
54	6041388000	1	2641419	974981	1709	14		
54	6041391000	2	2641419	974981	1709	14	2	
54	6041398000	2	2641419	5615504	1709	14	2	
54	6426128773	2	4643261	849186	1802	19	4	
55	81854418	3	5906600	2139430	3111	2	4	
55	217012139	2	5588963	3293057	3111	2	4	
55	217013139	3	5588963	3293057	3111	2	4	
55	496183172	2	3711076	2139430	3111	2	4	
55	496597345	2	3711076	2139430	3111	2	4	
55	499677186	2	3711076	35142384	3111	2	4	
55	752960552	2	1285606	26426814	3111	2	4	
55	846428513	3	7185531	29149943	3111	2	4	
55	1419995305	3	5588963	14131934	3111	14	4	
55	2406471564	3	3804720	29149943	3111	19	4	
55	2468670037	3	459670	11905872	3111	14	4	
55	3100294000	1	5588963	52615221	3111	14		
55	3100299194	2	5588963	52615221	3111	14	4	
55	3692722000	1	5588963	46462018	3111	9		
55	3935702000	1	6989468	39320356	3111	14		
55	3935712236	3	6989468	39320356	3111	14	4	
55	3938070087	3	6989468	28000046	3111	14	1	
55	3938912376	2	459670	28000046	3111	14	4	
55	3941262862	2	5588963	52615221	3111	14	4	
55	4010242000	1	6989468	29149943	3111	20		
55	5762277659	2	5588963	51418676	3111	14	4	
55	5923798516	2	2722137	29149943	3111	14	4	
55	6091633154	2	4453144	29149943	3111	20	4	
55	6097759000	1	5588963	22963321	3111	9		
55	6190484000	1	5588963	48379461	203	14		
55	6191096725	2	4688999	9737595	2974	14	4	
55	6195564000	1	5588963	28000046	3111	2		
55	6195569638	2	5588963	28000046	3111	2	4	
55	6220526839	2	4949189	2139430	3111	20	4	
55	6352812598	3	3938554	29149943	3111	14	4	
55	6355174488	2	5588963	48898124	3111	14	4	
55	6387082540	2	5588963	32969324	3111	2	4	
55	6444334429	3	5588963	10580199	835	14	4	
55	6518526461	3	5588963	32891770	3111	9	4	
55	6601914000	1	6741333	29149943	3111	2		
55	6601942553	2	6741333	29149943	3111	2	4	
55	6620071000	1	5588963	43303800	203	14		
55	6870390044	2	5588963	28000046	3111	2	4	
55	6870391044	3	5588963	28000046	3111	2	4	
55	7049044000	1	1023749	2139430	3111	2		
55	7065959420	2	7080269	29149943	3111	9	4	
55	7065960420	3	7080269	29149943	3111	9	4	
55	7135069000	1	265834	6578958	3111	20		
55	7135073572	2	265834	6578958	3111	20	4	
55	7306709992	2	354838	11021199	3111	2	4	
55	7309407000	1	5588963	26781191	3111	2		
55	7312757982	2	5588963	33172068	3111	2	4	
55	7478323000	1	6486124	13298319	3111	6		
55	7746415000	1	5588963	42294216	3111	9		
55	7746874089	2	5588963	13597004	3111	9	4	
56	2402393337	2	6097361	26840721	2319	9	4	
56	2402410021	2	2817313	26840721	2319	9	4	
56	2795913029	2	2817313	26840721	2319	9	4	
56	2802093000	2	6101763	8808218	2319	9	5	
56	2802265000	2	6101763	8808218	2319	9	5	
56	2803270000	1	2862746	20217218	2319	9		
56	2803271827	2	2862746	20217218	2319	9	4	
56	2803293000	2	2862746	20217218	2319	9	5	
56	2895974000	1	6097361	38071670	2319	9		
56	2895983961	2	6097361	38071670	2319	9	4	
56	2897102811	2	6097361	4080094	2319	9	4	
56	2897102990	2	6097361	4080094	2319	9	4	
56	2897103041	2	6097361	4080094	2319	9	4	
56	2897104000	2	6097361	4080094	2319	9	5	
56	2897121010	6	6097361	4080094	2319	9	5	
57	4054161010	6	388509	258285	1752	9	5	
57	4478794000	1	6709249	258285	1752	9		
57	4478794000	1	3789093	258285	1752	9		
57	4561078000	1	2824879	258285	1752	9		
57	5085496797	2	4351960	44307391	1752	9	0	
57	5092831089	2	4351960	7288383	836	9	0	
57	5092832089	3	4351960	7288383	836	9	0	
57	5258541385	2	4351960	258285	1752	9	0	
57	5494023000	1	2382253	28091902	836	2		
57	6281204934	2	6710765	42419263	836	9	0	
57	6281208000	2	6710765	42419263	836	9	2	
57	6464932000	2	6414037	42419263	836	9	2	
57	6464934665	2	6414037	42419263	836	9	0	
57	6464966761	2	6414037	42419263	836	9	0	
57	6470542260	2	2028392	6672267	1370	9	0	
57	6473054071	3	461891	3369648	1370	9	0	
57	6477951386	3	461891	19584520	1370	9	0	
57	6478283000	1	2382253	28548409	1370	9		
57	6478288823	2	2382253	28548409	1370	9	0	
57	7354997251	3	2382253	37461566	1950	9	0	
57	7410647317	3	6035030	51604587	836	9	0	
57	7413222000	1	5060604	42419263	836	9		
58	28569000	1	1963720	31591424	2430	9		
58	206957000	1	1297483	12298263	2430	9		
58	206971000	2	1297483	28888369	2430	9	2	
58	206972000	3	1297483	28888369	2430	9	2	
58	289947000	1	2258003	45360246	1551	2		
58	723548001	2	1297483	31188306	1551	9	1	
58	807172000	2	6599695	26710513	1551	9	2	
58	1539637000	1	6537912	49210635	1370	2		
58	3232679000	1	7162579	35699960	1370	2		
58	4882639000	1	3046060	28888369	2430	14		
58	6257264000	1	7024133	6015551	2430	2		
58	6257278953	3	7024133	6015551	2430	2	0	
58	6346241000	2	7024133	20720870	2430	9	2	
58	6346245401	2	7024133	20720870	2430	9	0	
58	7390035000	2	5954955	21816659	836	9	2	
59	4074972752	2	7128117	48577463	2974	9	4	
59	5008116524	2	5021171	432050	3123	9	1	
59	5196359000	1	6153762	35065874	540	9		
59	5196360501	2	6153762	35065874	540	9	1	
59	5337040000	1	7128117	50989001	540	14		
59	5337048208	2	7128117	50989001	540	14	1	
59	5865826000	1	4981361	35065874	540	9		
59	5938088000	3	505269	20096848	540	9	2	
59	5942346000	1	505269	1643348	540	14		
59	5942352853	2	505269	1643348	540	14	1	
59	5996957000	1	652992	2531061	1709	20		
59	5997108000	2	652992	2531061	1709	20	2	
59	6212251000	2	1413905	432050	3123	14	2	
59	6212433000	2	1413905	432050	3123	14	2	
59	6700714109	2	4119446	432050	3123	9	4	
59	6700722000	2	4119446	432050	3123	9	5	
59	6700797010	6	4119446	432050	3123	9	5	
59	6700910000	2	4119446	432050	3123	9	5	
59	6702058000	2	366928	432050	3123	9	5	
59	6702125000	2	2509417	432050	3123	9	5	
59	6768165000	1	15590	432050	3123	14		
59	6768341000	2	5538047	432050	3123	14	2	
59	6768371010	6	5538047	432050	3123	14	5	
59	6768388010	6	5538047	432050	3123	14	5	
59	6768798010	6	2509417	432050	3123	14	5	
59	6768871000	2	2509417	432050	3123	14		
59	6768872000	2	2509417	432050	3123	14		
59	6769070000	1	2509417	432050	3123	14		
59	6769083000	2	2509417	432050	3123	14		
59	6769084000	2	2509417	432050	3123	14		
59	6769089010	6	2509417	432050	3123	14	5	
59	6776830893	2	4365941	4229865	3123	2	4	
59	6777347257	2	4365941	42340639	3123	2	1	
59	6779758823	2	5682521	20436616	3123	14	1	
59	6787200921	3	5682521	42340639	3123	14	1	
59	6788675000	1	5682521	4229865	3123	2		
59	6788779820	2	5682521	4229865	3123	2	1	
59	6789065209	2	5682521	4229865	3123	2	1	
59	6789829077	2	5040041	4229865	3123	2	1	
59	6789856142	2	5772831	4229865	3123	2	1	
59	6857031000	1	1521308	4229865	3123	9		
59	6857805000	3	1521308	4229865	3123	14	2	
59	6858097000	2	1521308	4229865	3123	14	5	
59	6859158620	2	1521308	12855470	3123	14	1	
59	6859159620	3	1521308	12855470	3123	14	1	
59	6859180231	2	1521308	12855470	3123	14	4	
59	6859217000	2	1521308	12855470	3123	14	2	
59	6859249858	2	1521308	12855470	3123	14	1	
59	6862797000	1	3520779	6647646	3123	14		
59	6862807000	2	3520779	6647646	3123	14	2	
60	232667000	2	5864572	30636508	547	9	2	
60	232689000	2	5864572	38862308	753	9	2	
60	232737000	2	1739671	28907775	547	9	2	
60	232743000	2	1739671	30636508	547	9	2	
60	242705727	2	1102745	30777869	547	9	4	
60	244336000	2	1102745	37090595	2582	9	2	
60	481840000	2	3244737	28907775	547	2	2	
60	481854000	2	3244737	30636508	547	2	2	
60	481914000	2	1303326	28907775	547	2	5	
60	506199000	1	865386	554226	1881	9		
60	920176000	1	2230825	35495554	547	2		
60	945685000	2	1303326	12222502	1881	9	2	
60	1358170000	1	1300898	28907775	547	14		
60	1358172000	2	1300898	28907775	547	14	2	
60	1358211000	1	1300898	28907775	547	14		
60	1515564177	2	6593823	22665016	357	14	1	
60	1515565177	3	6593823	22665016	357	14	1	
60	1709399000	2	1287912	12624160	753	2	2	
60	1892152000	2	2902528	37475646	547	9	2	
60	2069348000	2	6224661	12624160	753	2	2	
60	2070910000	2	6224661	12624160	753	2	2	
60	2070923000	2	6224661	30636508	547	2	2	
60	2071399000	2	6224661	30636508	547	2	2	
60	2071537000	2	2064915	11050923	357	2	2	
60	2071753000	1	2064915	12624160	753	2		
60	2071755000	2	2064915	12624160	753	2	2	
60	2071796000	2	2064915	16558980	547	2	2	
60	2072006000	2	2064915	7205213	1881	2	2	
60	2105848000	2	4518127	30636508	547	14	2	
60	2108846000	1	865386	554226	1881	14		
60	2108850000	2	865386	554226	1881	14	2	
60	2370829000	1	4819114	28907775	547	9		
60	2370877000	2	4819114	37475646	547	9	2	
60	2373677000	2	6898126	28907775	547	2	2	
60	2373733363	2	6898126	28907775	547	2	0	
60	2806603000	1	1469171	28907775	547	9		
60	2806668000	2	5600481	28907775	547	9	2	
60	2806671000	2	5600481	38862308	753	9	2	
60	2928491000	2	5617765	24290363	1881	9	2	
60	6341031110	2	1678736	12624160	753	9	4	
60	6341039000	2	1678736	12624160	753	9		
60	6341040000	2	1678736	12624160	753	9		
60	6557213000	2	1050378	30636508	547	9	2	
60	6996791000	2	5042966	12624160	753	9	2	
60	6996821000	1	2829657	12624160	753	9		
60	6996847000	2	2829657	38862308	753	9	2	
60	6996878000	2	2829657	30636508	547	9	2	
60	6997088000	1	7195956	12624160	753	9		
60	6997116000	2	7195956	11050923	357	9	2	
60	6997138000	2	7195956	11050923	357	9	2	
61	4801388611	2	2283102	21547564	458	9	4	
61	4801402536	7	2283102	21547564	458	9	4	2328307
61	4801428670	2	2283102	9443007	458	9	4	
62	486840885	2	4423072	49218768	2914	14	4	
62	486841885	3	4423072	49218768	2914	14	4	
62	980552021	2	4851332	44163725	921	14	4	
62	1349204000	1	5721346	49218768	2914	2		
62	1349211542	2	5721346	49218768	2914	2	4	
62	1349224250	2	5721346	49218768	2914	2	4	
62	5411532399	2	4304291	49218768	2914	2	4	
62	5411539852	2	4304291	49218768	2914	2	0	
62	5419635754	2	4304291	45524128	2914	14	0	
62	5419636754	3	4304291	45524128	2914	14	0	
63	201750142	3	2578008	10966193	3263	9	0	
63	747637834	2	5326130	21646865	3263	2	4	
63	5068511000	1	256892	21646865	3263	9		
63	5068539242	2	256892	21646865	3263	9	4	
63	5497120000	1	1493532	9498111	1881	9		
63	5577365403	2	3405665	16957764	3263	2	4	
63	5577366403	3	3405665	16957764	3263	2	4	
63	5582932179	2	339644	16957764	3263	14	4	
63	5582933179	3	339644	16957764	3263	14	4	
63	5670164000	1	6709228	16957764	3263	6		
63	6180532000	1	42050	9498111	1881	2		
64	1329252000	1	2988905	10700517	1127	2		
64	1329261000	2	2988905	10700517	1127	2	2	
64	1349494000	2	3726079	49643089	1127	14	2	
64	1355029000	1	6847531	47051380	1802	14		
64	1355051000	2	6847531	47051380	1802	14	2	
64	1357771000	1	2054874	31510760	1816	2		
64	1357778390	2	2054874	31510760	1816	2	1	
64	1363357000	1	3266380	29777422	1816	14		
64	1364584000	2	3266380	31510760	1816	14	2	
64	1365679000	2	3266380	15350947	1816	14	5	
64	1365689000	1	3266380	31510760	1816	14		
64	1365699000	2	3266380	15350947	1816	14	5	
64	1365764000	2	3266380	31510760	1816	14	5	
64	1365897010	6	3266380	31510760	1816	14	5	
64	1369964000	1	4580221	2275896	1802	14		
64	1371421010	6	1486533	45075436	1802	14	5	
64	1425864000	2	6102826	45404884	1127	14	5	
64	1426872000	2	6102826	45404884	1127	14	5	
64	1427020000	2	6102826	45404884	1127	14	5	
64	1427040000	2	6102826	20060956	1127	14	5	
64	1427628000	2	6102826	20060956	1127	14	5	
64	1427841000	2	4875741	20060956	1127	14	5	
65	222238608	3	3999575	40886102	1826	14	0	
65	502533000	1	3999575	18511059	1826	6		
65	502539562	3	3999575	18511059	1826	6	0	
65	641997541	2	6911662	24668674	297	14	0	
65	650451678	3	6288965	23295609	297	14	0	
65	810005180	3	4393635	3278800	297	14	0	
65	1013122000	1	1986662	47223242	1826	6		
65	1013143000	1	1986662	47223242	1826	6		
65	1013148000	2	1986662	47223242	1826	6	2	
65	1013156000	2	1986662	47223242	1826	6	2	
65	1101778000	1	1398106	47223242	1826	9		
65	1146619000	2	1986662	47223242	1826	9	2	
65	1150512393	2	4681272	38469907	174	9	1	
65	1150515450	2	4681272	38469907	174	9	0	
65	1251177335	2	3999575	24668674	297	14	0	
65	1340767180	3	3999575	15279537	297	6	0	
65	1456017000	1	2214452	47223242	1826	9		
65	1540245000	1	3999575	18511059	1826	2		
65	1540253563	3	3999575	18511059	1826	2	0	
65	1601149000	1	3999575	13935059	297	2		
65	1859512474	3	3999575	13110580	1826	2	0	
65	1861299000	1	1933822	13377637	1826	9		
65	1862171614	3	2482344	13377637	1826	9	1	
65	1972923326	2	2482344	25459228	1826	9	4	
65	1972935778	2	6984575	25459228	1826	9	0	
65	1972974000	1	3324988	25459228	1826	9		
65	1972992816	3	3324988	25459228	1826	9	0	
65	1973023619	2	3324988	25459228	1826	9	4	
65	1973269000	1	6984575	25459228	1826	9		
65	2036543336	2	6596108	5792550	297	2	0	
65	2039125366	2	5625373	14005054	297	2	0	
65	2039927151	2	423166	14005054	297	2	0	
65	2039928151	3	423166	14005054	297	2	0	
65	2185756000	2	6911662	7226310	297	19	5	
65	2205509270	3	3999575	13935059	297	9	0	
65	2294082640	3	3999575	32393876	1826	9	0	
65	2716290446	2	601178	47223242	1826	14	0	
65	2912350191	3	3859849	47223242	1826	9	0	
65	2982388000	1	3999575	2171629	1826	2		
65	2985024210	3	1217366	13377637	1826	2	0	
65	2988068239	0	4927274	15279537	297	2		
65	2988132578	2	3999575	15279537	297	2	0	
65	3417657987	3	3999575	13541446	297	14	0	
65	3587323634	2	3999575	46918054	1826	9	0	
65	3673365687	3	3999575	49288579	1826	9	0	
65	3699412115	3	3999575	30649784	297	9	0	
65	4046124847	2	3778852	32455819	1826	9	0	
65	4196834000	1	3999575	13110580	1826	14		
65	4307835000	1	3999575	12615412	297	9		
65	4307839972	2	3999575	12615412	297	9	0	
66	3415150091	2	4092380	35766373	2483	9	4	
66	3415156034	2	4092380	44742039	2483	9	4	
66	3425661000	1	1881032	44742039	2483	9		
66	3438480334	2	4092380	44742039	2483	9	4	
67	2633573662	2	926384	11944110	917	14	4	
67	4364821000	2	1086971	37473440	917	9	2	
67	4384917000	1	5181654	2391212	2847	9		
67	4384929000	2	5181654	2391212	2847	9	2	
67	4384942000	2	5181654	32263965	213	9	2	
67	4384970000	1	3487412	2391212	2847	9		
67	4384971000	2	3487412	32263965	213	9	2	
67	4387581000	1	7265150	15927341	1519	9		
67	4389155000	1	1570619	25600349	1519	9		
67	4389157923	2	1570619	25600349	1519	9	1	
67	4393001000	1	5837841	5120746	1519	9		
67	4393003333	2	5837841	5120746	1519	9	1	
67	4397169000	2	2590098	5120746	213	9	5	
67	4486685000	1	6702563	22617376	917	9		
67	4486721000	2	6702563	22617376	917	9	5	
67	4489632000	2	6702563	11944110	917	9	5	
67	4489812000	2	6702563	11944110	917	9	5	
67	4540018000	1	6052405	37473440	917	9		
67	4540024000	2	6052405	37473440	917	9	5	
67	4540040000	2	6052405	37473440	917	9	2	
67	4541800000	2	6052405	37473440	917	9	2	
67	5845991000	2	422845	25316499	1370	9	2	
67	5846018879	2	6303950	6672267	1370	9	4	
68	7075034631	2	5959810	2275896	1802	14	4	
68	7315235000	2	4580221	16083780	1802	6	2	
68	7315241394	3	4580221	16083780	1802	6	1	
68	7316152669	2	6591846	16083780	1802	6	1	
68	7316153669	3	6591846	16083780	1802	6	1	
68	7328687325	2	154801	2275896	1802	6	4	
68	7328691000	2	154801	2275896	1802	6	5	
68	7328709000	2	154801	2275896	1802	6	2	
68	7386619000	1	3884536	50835057	1127	6		
68	7386635712	2	3884536	50835057	1127	6	1	
68	7387731000	1	3884536	50835057	1127	6		
68	7387801449	2	3884536	50835057	1127	6	4	
68	7388256687	2	3884536	10700517	1127	6	1	
68	7391863000	1	3884536	49643089	1127	6		
68	7391863400	0	3884536	49643089	1127	6		
68	7391870950	3	3884536	49643089	1127	6	1	
68	7392372565	2	5273562	49643089	1127	6	4	
68	7392396000	1	4853538	49643089	1127	6		
68	7392620266	2	5620896	49643089	1127	6	1	
68	7395256000	1	5273562	49643089	1127	6		
68	7395273895	2	5273562	45404884	1127	6	4	
68	7395289609	2	4853538	17477255	1127	6	4	
68	7396290613	2	5273562	49643089	1127	6	4	
69	1040291312	0	5122401	22849396	359	9		
70	131855000	1	5842403	32618436	1762	9		
70	131870930	2	5842403	32618436	1762	9	4	
70	132990000	2	5842403	33162666	1416	9	2	
70	676318080	2	6938342	5308515	3159	14	4	
70	676331000	2	6938342	5308515	3159	14	2	
70	744845000	1	5639337	31807451	1416	2		
70	744975000	2	5639337	31807451	1416	2	2	
70	949277000	2	5639337	31807451	1416	14	5	
70	953066821	2	3001943	17066175	258	14	0	
70	953096916	2	5639337	27060194	3159	14	4	
70	953097087	2	5639337	27060194	3159	14	4	
70	953241000	1	3001943	31807451	1416	14		
70	953245000	2	3001943	31807451	1416	14	2	
70	953252000	2	846034	27060194	3159	14	2	
70	953281000	2	846034	27060194	3159	14	2	
70	971649000	1	3001943	31807451	1416	14		
70	971653000	2	3001943	31807451	1416	14	2	
70	971658000	2	3001943	31807451	1416	14	2	
70	971961000	1	846034	31807451	1416	14		
70	971966757	2	846034	31807451	1416	14	0	
70	971969000	2	846034	31807451	1416	14	2	
70	971976000	2	846034	31807451	1416	14	2	
70	972089000	2	7019107	31807451	1416	14	2	
70	972091599	2	7019107	31807451	1416	14	0	
70	972388000	2	3001943	31807451	1416	14	2	
70	972391000	2	3001943	31807451	1416	14	2	
70	972513000	2	7019107	27060194	3159	14	2	
70	972586000	2	3001943	44815162	1416	14	2	
70	985470000	2	3001943	31807451	1416	14	5	
70	1068612000	1	5738416	44815162	1416	14		
70	1147906000	1	1668611	31807451	1416	2		
70	1147996007	2	1668611	31807451	1416	2	0	
70	1148074000	1	1499232	31807451	1416	2		
70	1148074000	1	7177205	31807451	1416	2		
70	1241372000	1	1499232	31807451	1416	9		
70	1671689000	1	4900027	31807451	1416	9		
70	1712705000	2	1393719	17903944	24	9	2	
70	1983555000	2	5005467	17903944	24	2	2	
70	2095695000	1	5738416	17903944	24	9		
70	2095698130	2	5738416	17903944	24	9	0	
70	2482346065	2	846034	24383980	1416	6	0	
70	2487063918	2	4581026	17903944	24	14	0	
70	2487280044	2	5335799	17903944	24	14	0	
70	2752400000	1	2138098	17903944	24	2		
70	2752581704	2	254339	17903944	24	2	4	
70	2753018000	2	254339	31807451	1416	14	2	
70	3434916000	2	5675478	17903944	24	2	2	
70	3434918988	2	5675478	17903944	24	2	0	
70	3434925620	2	5675478	17903944	24	2	4	
70	3563364000	1	1022575	17903944	24	9		
71	292759000	1	3194636	48238311	353	9		
71	420544000	1	3138287	52364066	353	14		
71	841233156	3	6187357	48238311	353	2	4	
71	1154510000	2	6301469	31141821	353	14	2	
71	1409994000	1	3519417	48238311	353	14		
71	1448704000	2	6301469	48238311	353	14	2	
71	1494509000	1	252368	15195480	353	2		
71	1495250000	2	6301469	31141821	353	2	2	
71	1495927000	1	6301469	42809799	353	2		
71	1495929000	2	6301469	42809799	353	2	2	
71	1497570005	2	6301469	4179913	1240	2	1	
71	2546672172	2	6187357	48238311	353	14	4	
71	2546673172	3	6187357	48238311	353	14	4	
71	2619550198	2	5145117	48238311	353	9	4	
71	2620188946	2	5145117	16512318	353	14	4	
71	2620189946	3	5145117	16512318	353	14	4	
71	2652862000	1	3138287	25802562	353	14		
71	2652889000	1	396072	25802562	353	14		
71	2652916194	3	396072	25802562	353	14	4	
71	3253689000	1	3099915	48238311	353	9		
71	3253691817	2	3099915	48238311	353	9	4	
71	3307773281	3	3099915	16512318	353	9	4	
71	3319802075	2	3138287	19180565	353	2	4	
71	4376239337	2	3138287	18480298	1240	9	4	
71	4376757335	2	3138287	1188682	1240	9	4	
71	4460723830	2	6348303	48238311	353	9	4	
71	4461819127	2	6348303	31795842	2036	9	4	
71	5160728533	2	6187357	48238311	353	9	4	
71	5160831146	2	6187357	48238311	353	9	4	
71	5253388000	1	5182501	48238311	353	9		
71	5333551556	2	1614496	48750368	353	9	4	
71	5338509000	1	3138287	51160532	353	9		
71	5338512218	3	3138287	51160532	353	9	4	
71	5472069725	2	6187357	48238311	353	9	4	
71	5472070725	3	6187357	48238311	353	9	4	
71	5473533503	3	709509	16443474	2036	19	4	
71	5473686677	2	709509	16443474	2036	19	4	
71	5473687677	3	709509	16443474	2036	19	4	
71	5496148000	1	709509	48238311	353	9		
71	5739426325	2	6913173	48238311	353	9	4	
71	5739427325	3	6913173	48238311	353	9	4	
71	5739953068	3	6913173	39622589	353	9	4	
71	5766085914	2	6187357	48238311	353	2	4	
71	6112230000	1	4857667	39622589	353	9		
71	6343376897	2	4196433	29037556	2036	14	4	
71	6343377897	3	4196433	29037556	2036	14	4	
71	6771614520	2	4493400	48238311	353	9	4	
71	6771615520	3	4493400	48238311	353	9	4	
71	6785550252	2	4196433	31141821	353	9	4	
71	7316853803	3	1725623	48238311	353	14	4	
72	5057207000	1	3191689	1080368	2847	9		
72	5421162789	2	4009323	13379852	1169	14	4	
72	5421163000	2	4009323	13379852	1169	14	2	
72	5421179000	2	4009323	13379852	1169	14	2	
72	5421186000	2	4009323	13379852	1169	14		
72	5421187000	2	4009323	13379852	1169	14		
72	5421189347	2	4009323	13379852	1169	14	4	
72	5424922345	2	4009323	22972122	2089	14	1	
72	5424923345	3	4009323	22972122	2089	14	1	
72	5555356000	1	4300632	13379852	1169	20		
72	5555358000	2	4300632	13379852	1169	20	2	
72	5555415000	1	3474325	13379852	1169	20		
72	5555419000	2	3474325	13379852	1169	20	2	
72	6551858000	2	4042646	13379852	1169	2	2	
72	7488298000	2	1828602	13379852	1169	14	2	
72	7488299000	3	1828602	13379852	1169	14	2	
72	7488824460	2	1828602	49807867	2847	19	4	
72	7488828000	2	1828602	49807867	2847	19	2	
72	7489100156	2	1828602	47769602	2847	14	4	
72	7489103000	2	1828602	47769602	2847	14	2	
72	7506195000	1	437613	19673227	213	2		
72	7506198000	2	437613	19673227	213	2	2	
72	7581864441	2	2357075	40995779	1169	14	1	
72	7722984899	2	6809474	13379852	1169	9	4	
73	30287000	1	6159768	19591609	540	19		
73	30289188	2	6159768	19591609	540	19	4	
73	1352086790	0	3015509	34437951	540	14		
73	1373965010	6	2193444	30729979	540	14	5	
73	2036631000	1	88349	30729979	540	14		
73	2452198161	2	4114994	22939844	540	19	4	
73	2454685872	2	1473054	29425946	540	19	4	
73	2484806015	2	2629816	34850002	540	14	4	
73	2570814480	2	5556548	50989001	540	2	1	
73	2803495281	3	1707769	50989001	540	14	0	
73	2803659183	3	1707769	50989001	540	14	1	
73	2805909000	1	1647666	35065874	540	14		
73	2805914309	2	1647666	35065874	540	14	1	
73	2826922000	1	4285014	50989001	540	14		
73	2826924813	3	4285014	50989001	540	14	0	
73	2900047000	1	7128117	35065874	540	14		
73	2900859000	1	7128117	35065874	540	14		
73	2900860423	2	7128117	35065874	540	14	4	
73	2901878000	1	7128117	35065874	540	14		
73	2901879451	2	7128117	35065874	540	14	4	
73	2973205886	2	7128117	35065874	540	14	0	
73	2973231490	2	7128117	35065874	540	14	0	
73	2973642072	2	7128117	35065874	540	14	1	
73	2974583093	2	7128117	35065874	540	14	1	
73	2975049000	1	7128117	35065874	540	14		
73	2976653000	1	7128117	35065874	540	14		
73	2976660426	3	7128117	35065874	540	14	0	
73	2990596768	2	6922815	50989001	540	14	0	
73	2991582208	3	6922815	50989001	540	14	1	
73	2991674317	3	6922815	50989001	540	14	1	
73	3000013000	1	7128117	35065874	540	14		
73	3000014583	2	7128117	35065874	540	14	1	
73	3001711000	1	7128117	35065874	540	14		
73	3001712506	2	7128117	35065874	540	14	0	
73	3002021586	2	7128117	35065874	540	14	1	
73	3002023448	2	7128117	35065874	540	14	0	
73	3063424850	2	7128117	35065874	540	14	0	
73	3065759000	1	7128117	20096848	540	14		
73	3065998477	2	7128117	35065874	540	14	1	
73	3067058405	2	7128117	35065874	540	14	1	
73	3078019302	3	7128117	35065874	540	14	1	
73	3078023226	2	7128117	35065874	540	14	0	
73	3079926141	3	7128117	35065874	540	14	0	
73	3080369645	2	7128117	35065874	540	14	0	
73	3081266647	2	7128117	20096848	540	14	1	
73	3081923000	1	7128117	35065874	540	14		
73	3081928632	2	7128117	35065874	540	14	1	
73	3155114547	3	2252122	35065874	540	14	1	
73	3156686000	1	1647666	35065874	540	14		
73	3431899190	2	6876820	22939844	540	14	4	
74	576479000	2	6396147	13263997	1121	9	5	
74	576490010	6	6396147	13263997	1121	9	5	
74	1794635010	6	6396147	50170153	835	14	5	
74	2395784000	2	6396147	50170153	835	14	5	
74	2395805010	6	6396147	50170153	835	14	5	
74	3000120010	6	6396147	50170153	835	14	5	
74	4208847000	2	6396147	50170153	835	9	5	
74	4208857010	6	6396147	50170153	835	9	5	
74	4642219490	2	5248198	50170153	835	2	4	
74	4642220241	2	5248198	50170153	835	2	4	
74	4642220781	2	5248198	50170153	835	2	4	
74	4694759487	2	5248198	667786	835	20	4	
74	4694760487	3	5248198	667786	835	20	4	
74	4702750000	1	3325341	31850773	2974	20		
74	4814848000	2	6396147	50170153	835	14	5	
74	5493344000	1	2447264	26540564	835	14		
74	5493344141	0	2447264	26540564	835	14		
74	5493348842	3	2447264	26540564	835	14	4	
74	5562911282	2	2656415	667786	835	20	4	
74	5566230910	2	913016	26540564	835	20	4	
74	5652364604	2	5655789	43227855	2348	9	4	
74	6024482000	2	6396147	50170153	835	2	5	
74	6628128000	2	6396147	50170153	835	14	5	
74	7235116000	2	6396147	50170153	835	14	5	
74	7235324000	2	6396147	50170153	835	14	5	
74	7235338010	6	6396147	50170153	835	14	5	
75	469298019	2	6060836	43046358	1240	6	4	
75	469405958	3	6060836	43046358	1240	6	4	
75	4524015000	1	2870316	18506437	203	20		
75	4524067690	2	2870316	18506437	203	20	1	
76	4490611697	2	4437153	32980276	3161	9	4	
76	4524465000	2	3049526	38941586	2422	20		
76	4543784000	2	5142093	13620965	2422	9	2	
76	4543972000	2	5142093	38941586	2422	9	2	
76	4544194000	1	3049526	38941586	2422	9		
76	4544197000	2	3049526	38941586	2422	9	2	
76	4544579000	1	5142093	38941586	2422	9		
76	4544586000	2	5142093	38941586	2422	9		
76	4544631000	2	5142093	38941586	2422	9	2	
76	4545594000	2	3049526	25317894	2422	9	5	
76	4546172000	2	3049526	42863439	2422	9	5	
76	4546844000	1	5142093	26426814	3111	9		
76	4546855000	2	5142093	26426814	3111	9	2	
76	4547557000	1	5142093	26426814	3111	9		
76	4547621000	2	5142093	26426814	3111	9	2	
76	4547631000	2	5142093	26426814	3111	9	5	
76	4554865000	1	3049526	12735257	540	9		
76	4638054000	1	6403244	37853980	2974	2		
76	4638059000	3	6403244	37853980	2974	2	2	
76	4714072000	1	6403244	37853980	2974	14		
76	4806387000	1	5511140	37853980	2974	2		
76	4811842698	0	4811574	20860474	2974	2		
76	5508462000	1	2777860	37853980	2974	14		
76	5508715000	1	3631364	37853980	2974	14		
76	5508740000	1	3785221	37853980	2974	14		
76	5522810000	2	7113741	27235868	1121	20	2	
76	5522850000	2	7113741	27235868	1121	20	2	
76	5591622000	2	5519636	37853980	2974	14	2	
76	5808616126	2	2838424	30463277	2974	14	4	
76	5808629555	2	2838424	37853980	2974	14	4	
76	5808629710	2	2838424	37853980	2974	14	4	
76	5808630710	3	2838424	37853980	2974	14	4	
76	6285159061	2	6811492	37853980	2974	14	4	
76	6285180010	6	6811492	37853980	2974	14	5	
76	6299296874	2	7113741	4774779	2974	2	1	
76	6451083000	2	2110938	37853980	2974	14	2	
76	6878685000	1	5327326	37853980	2974	14		
76	6884169000	2	5327326	37853980	2974	14	2	
76	7043737000	2	6865430	37853980	2974	14	5	
76	7252370000	1	4519357	37853980	2974	14		
76	7254460000	2	3810316	37853980	2974	2	5	
76	7255197000	2	3810316	37853980	2974	2	5	
76	7255213010	6	3810316	37853980	2974	2	5	
76	7263450000	2	1384304	29260581	203	14	5	
76	7418119973	2	4033369	34132995	2974	14	1	
76	7418120973	3	4033369	34132995	2974	14	1	
77	504355808	2	2653800	1758196	1378	14	4	
77	505164000	1	6046709	1758196	1378	14		
77	505169904	2	6046709	1758196	1378	14	4	
77	505451542	7	6046709	1758196	1378	14	4	2653800
77	505566000	1	2653800	1758196	1378	14		
77	506055000	1	6033769	1758196	1378	14		
77	506055000	1	1754896	1758196	1378	14		
77	513441000	1	5111328	1758196	1378	9		
77	513787492	2	1165427	1758196	1378	9	4	
77	842555000	1	738614	1758196	1378	14		
77	1172460000	1	2700607	16873965	1378	14		
78	2065225782	7	6753328	6213062	947	2	4	1875180
78	2065228225	2	1875180	6213062	947	2	4	
78	2065257419	7	1875180	6213062	947	2	4	6851029
78	2065259440	2	6851029	6213062	947	2	4	
78	2162450227	2	5825595	27998187	2582	9	1	
78	2192244000	1	6753328	20764892	947	14		
78	2192253827	2	6753328	20764892	947	14	4	
78	2226613000	2	4601113	20764892	947	14	5	
78	2226635468	2	4601113	20764892	947	14	4	
78	2226695410	2	195106	20764892	947	14	4	
78	2288433459	3	5115173	52309820	947	6	4	
78	2369441849	2	5115173	2238101	3263	9	4	
78	2486386237	2	1739728	6074366	947	9	1	
78	2486414506	2	1739728	20764892	947	9	1	
78	2486423694	2	1739728	20764892	947	9	4	
79	200492000	1	3254696	19040492	2471	9		
79	244374823	3	2949283	3303359	721	9	4	
79	498502000	1	3932225	16802171	1593	9		
79	575427884	3	4430890	4914662	3142	2	4	
79	1030711000	1	3478596	1009988	1593	6		
79	1030717191	3	3478596	1009988	1593	6	4	
79	1277470852	2	915374	51685948	1127	14	4	
79	1455755000	1	3478596	44368994	1593	14		
79	1465605670	2	931986	44368994	1593	14	4	
79	1466035427	3	931986	44368994	1593	14	4	
79	1466177622	2	931986	5819021	1593	14	4	
79	1541198946	3	6978783	47524908	1816	14	4	
79	1711873000	1	5020532	17698926	1593	2		
79	1753512024	2	6884711	39471370	1593	14	4	
79	1762586003	3	5166643	39274561	1593	14	4	
79	1848207000	2	1271531	17344407	3142	14	5	
79	1952393159	3	3408963	50410461	1127	14	4	
79	2203171189	2	6713076	49382826	1816	14	4	
79	2215186000	1	1482188	20217234	1127	6		
79	2215192119	3	1482188	20217234	1127	6	4	
79	2229167154	3	3275442	40955030	3257	14	4	
79	2647282000	1	3409169	50415405	3257	14		
79	2853684740	3	5054616	45649448	3257	14	4	
79	2977818774	3	2637397	3735638	1816	14	4	
79	3145206644	2	5240522	4613124	1816	14		
79	3233632000	1	3254696	50490431	2199	14		
79	3334942531	2	196568	28986874	3257	14		
79	3590395000	1	5404019	3443310	1816	2		
79	3627085373	2	2949283	1009988	1816	14	4	
79	3627086373	3	2949283	1009988	1816	14	4	
79	3700320554	2	1174051	10045532	3257	9	4	
79	3843251961	3	570228	18381004	1816	6	4	
79	3870945000	1	7253869	43142462	1127	14		
79	4023371000	1	5166643	723685	1816	2		
79	4227797000	1	2949283	40716637	2199	9		
79	4270121536	2	2573022	11686898	3142	9	4	
79	4278564000	1	2573022	11686898	3142	9		
79	4370875384	2	1624745	4649477	2199	9	4	
79	4692109767	2	4808043	17344407	3142	20	4	
79	4724747490	2	6175462	42645466	3257	19	4	
79	4802613986	2	1884244	14929104	3257	14	4	
79	4861251611	2	3157084	17344407	3142	14	4	
79	4869028630	2	3039111	23973529	1816	14	4	
79	4904609000	1	2847970	23658544	1816	14		
79	4904634160	2	2847970	23658544	1816	14		
79	4992953029	2	4787046	13194323	2199	9		
79	5055314017	2	2487994	34864488	3257	19	4	
79	5199853886	3	2503496	4555619	3257	19	4	
79	6730433010	6	5192899	27406522	3142	14	5	
79	6871137195	3	4379457	9802150	3142	14	4	
80	1460577000	1	3270892	29995885	245	2		
80	1495811000	1	3270892	47812207	245	9		
80	1495816122	3	3270892	47812207	245	9		
80	1496191000	1	6133949	37759643	245	9		
80	4199350481	2	5275482	28874842	2914	9		
80	6881834788	2	776384	44265831	1504	9		
80	6881858156	7	776384	44265831	1504	9		1367412
81	30801555	2	1057294	35288320	818	14	4	
81	719842000	2	1034315	11775215	818	19	2	
81	721425700	3	1034315	43191261	818	19	4	
81	722310731	2	1034315	23381908	818	19	4	
81	807134000	2	4911390	44333078	359	9	5	
81	813747000	2	6136465	45742708	359	9	2	
81	931768000	2	1057294	27442326	818	9	2	
81	931778010	6	1057294	27442326	818	9	5	
81	1193520000	2	5833534	44333078	359	14	5	
81	1267335000	2	3609284	44333078	359	2	2	
81	1362734000	2	6745103	21019957	359	2	5	
81	1411999000	2	5833534	44333078	359	20	5	
81	1418621874	2	6745103	37960977	2590	9	4	
81	1506312000	2	3643541	44333078	359	9	2	
81	1797711067	2	3860979	32975370	818	20	4	
81	1942878180	2	6134753	32975370	818	9	4	
81	1944642000	2	6134753	32975370	818	9	5	
81	1955144000	2	1691150	19528760	818	9	5	
81	2022911115	3	725744	44333078	359	9	0	
81	2224348499	2	3643541	32975370	818	9	4	
81	2569671865	2	4763465	21019957	359	6	4	
81	3316461000	2	519022	45742708	359	9	2	
81	3356698579	2	1057294	27442326	818	9	4	
81	3750802080	2	4390916	50973806	818	9	4	
81	3776221493	2	1137515	50973806	818	9	4	
81	3777364568	2	6688122	36970552	818	9	4	
81	3780904000	2	6745103	2615377	359	9	2	
81	3859390677	2	7249077	51557117	359	9	4	
81	3859525398	2	1213137	31785741	359	9	4	
81	3933724707	2	7249077	44333078	359	9	4	
81	3945097021	2	6745103	12959882	1378	9	4	
81	4219263000	1	3165078	32975370	818	2		
81	4570155000	2	5841047	32975370	818	9	5	
81	4905924838	2	6004961	32975370	818	9	4	
81	4905924998	2	6004961	32975370	818	9	4	
81	4984357010	6	1691150	34226674	818	9	5	
81	4989388000	2	6745103	21019957	359	2	5	
81	5130691000	1	1708620	44333078	359	9		
81	5130756000	2	1708620	4281344	1812	9	2	
81	5304438245	2	3677452	34226674	818	9	0	
81	5594129010	6	6745103	21019957	359	5	5	
81	5994789912	2	3187172	23783862	359	9	4	
81	5999757000	2	3860979	24503027	359	9	2	
81	6000550935	3	3470411	24503027	359	9	1	
81	6001937000	2	3860979	25286182	359	9	2	
81	6027107734	2	5322298	34226674	818	9	4	
81	6070422000	2	5322298	32975370	818	20	2	
81	6632290000	2	1691150	32975370	818	9	2	
81	6632786000	2	1691150	34226674	818	9	5	
81	6993145000	2	3187172	44333078	359	9	5	
82	167020000	2	2115244	4917981	1950	9	2	
82	167025309	2	2115244	4917981	1950	9	1	
82	169025859	2	2115244	4917981	1950	9	4	
82	226849000	2	2115244	4917981	1950	2	2	
82	226852395	2	2115244	4917981	1950	2	1	
82	231939000	2	2940894	43207329	1950	2	2	
82	231944000	3	2940894	43207329	1950	2	2	
82	579436000	1	2273210	4917981	1950	2		
82	579443000	2	2273210	4917981	1950	2	2	
82	588582000	2	2273210	4917981	1950	2	5	
82	588604000	2	2273210	3058236	1551	2	5	
82	588761000	2	2273210	4917981	1950	2	2	
82	590391000	2	5343198	4917981	1950	2	2	
82	590844000	1	2817148	4917981	1950	2		
82	631905000	2	2273210	4917981	1950	9	5	
82	631912000	2	2273210	4917981	1950	9	5	
82	631921000	2	2273210	4917981	1950	9	5	
83	1765883000	1	6910078	21150919	328	14		
83	1765914017	0	6910078	21150919	328	14		
83	1771586581	2	6910078	35972038	328	14	1	
83	1772158000	1	6910078	35972038	328	14		
83	1772185268	3	6910078	35972038	328	14	1	
83	1774507068	2	896648	10651581	328	14	1	
83	1802207743	2	1589669	33897553	328	14	1	
83	1802208743	3	1589669	33897553	328	14	1	
83	1802486575	2	1589669	33897553	328	14	1	
83	1802945383	2	1589669	21150919	328	14	1	
83	1803470038	2	1589669	21150919	328	14	1	
83	1803471038	3	1589669	21150919	328	14	1	
83	1864769000	1	896648	21150919	328	9		
83	1864815998	2	896648	21150919	328	9	1	
83	1865174000	1	4075290	21150919	328	9		
83	1865195922	2	4075290	21150919	328	9	1	
83	1887039093	3	1589669	33897553	328	9	1	
83	1887472701	2	1589669	15056866	328	9	1	
83	1887473701	3	1589669	15056866	328	9	1	
83	1964492000	1	7234479	33897553	328	2		
83	1964512078	2	7234479	33897553	328	2	1	
83	1964512597	2	7234479	33897553	328	2	1	
83	1964513597	3	7234479	33897553	328	2	1	
83	2026468000	1	1756003	21150919	328	2		
83	2026516000	1	1756003	21150919	328	2		
83	2026635119	0	6736351	21150919	328	2		
83	2110331138	2	2723733	21150919	328	2	1	
83	2110824000	1	2723733	21150919	328	2		
83	2110851431	2	2723733	21150919	328	2	1	
83	2110892000	1	2723733	21150919	328	2		
83	2110901203	2	2723733	21150919	328	2	1	
83	2111018000	1	2244897	21150919	328	2		
83	2111026809	2	2244897	21150919	328	2	1	
83	2127364000	1	2723733	33897553	328	9		
83	2127386263	2	2723733	33897553	328	9	1	
83	2127386544	2	2723733	33897553	328	9	1	
84	70006000	1	3447617	36440853	1752	6		
84	73559580	2	2191881	36440853	1752	9	4	
84	75631659	2	2191881	36440853	1752	9	4	
84	150233000	1	320649	36440853	1752	2		
84	481393000	1	4049587	36440853	1752	2		
84	482274860	2	4049587	36440853	1752	2	4	
84	485997000	1	4733079	52512036	1752	2		
84	660815000	1	2653427	36440853	1752	2		
84	660818543	2	2653427	36440853	1752	2	4	
84	913113000	1	5672032	8845169	1752	2		
84	916970000	1	6814756	8845169	1752	2		
84	924737000	1	3829575	8845169	1752	2		
84	924745534	3	3829575	8845169	1752	2	4	
84	1024687092	2	5391673	36440853	1752	14	4	
84	2130301000	1	6390350	8845169	1752	14		
84	2131940719	3	6390350	12898993	1752	14	1	
84	2136493000	1	1425988	21483960	1752	2		
84	2385073000	1	931291	36440853	1752	9		
84	2394629000	1	5339150	36440853	1752	2		
84	2644979000	1	5462304	36440853	1752	9		
84	2741464000	1	1425988	21483960	1752	9		
84	3250061000	1	707600	36440853	1752	2		
84	3250078292	2	707600	36440853	1752	2	4	
84	3250158039	2	707600	36440853	1752	2	4	
84	3427346000	1	1991434	36440853	1752	2		
84	3427620000	1	1991434	36440853	1752	2		
84	3874557095	2	2398090	36440853	1752	9	4	
84	3950771984	2	4371693	39256253	1752	9	4	
84	4227343000	1	2582008	36440853	1752	9		
84	4233650000	1	528095	22558279	1752	9		
84	4245631000	1	1425988	11229532	1752	9		
84	4311237000	1	4330142	11229532	1752	2		
84	4313375000	1	4558364	45429338	1752	2		
84	4464076090	2	5575668	36440853	1752	9	4	
84	4478043000	1	3537050	31144692	1752	9		
84	4549724000	1	3829575	8845169	1752	14		
84	4553982000	1	3829575	12898993	1752	14		
84	4555077000	1	3829575	5678052	1752	14		
84	4555981000	1	3537050	21483960	1752	14		
84	4838841000	1	2582008	36440853	1752	9		
84	5158064000	1	3829575	12898993	1752	2		
84	5699337000	1	2582008	14718109	1752	14		
84	5700260675	2	1397279	45429338	1752	14	4	
84	6124876000	1	4413409	31144692	1752	9		
84	6299609937	2	4311680	31144692	1752	9	4	
84	6397040000	1	5766949	31144692	1752	9		
84	6397075000	1	5766949	31144692	1752	9		
84	6760234641	2	4914435	32589756	1752	9	4	
84	6760235641	3	4914435	32589756	1752	9	4	
84	7346953000	1	463602	31144692	1752	9		
85	1027525000	1	156747	51803728	1881	14		
85	3172580000	1	3615842	16373893	1950	2		
85	3175676000	1	2659159	38408586	1370	2		
85	3175684575	2	2659159	38408586	1370	2	4	
85	3176083142	2	2659159	21343775	1370	2	4	
85	3176083360	2	2659159	21343775	1370	2	4	
85	3176107000	2	2659159	21343775	1370	2	5	
85	3176148010	6	2659159	21343775	1370	2	5	
85	3188110000	2	3615842	41100760	1370	9	5	
85	3188149000	1	3615842	41100760	1370	9		
85	3188155000	2	3615842	41100760	1370	9	5	
85	3188197935	3	3615842	41100760	1370	9	4	
85	3188621995	0	3615842	24196286	1370	9		
85	3188836697	3	3615842	27387307	1370	9	4	
85	3189874000	1	6600902	45212104	1370	9		
85	3266637054	2	6600902	33238700	1950	9	4	
85	3274695000	1	6600902	33238700	1950	9		
85	3274702000	2	6600902	33238700	1950	9	5	
85	3274707541	2	6600902	33238700	1950	9	4	
85	3951167037	2	3647318	1454004	1881	2	1	
85	3951176791	2	3647318	1454004	1881	2	4	
85	7468118851	2	1545012	24849016	1551	9	4	
86	6679069383	2	6140717	9605949	2774	14		
86	6681859109	2	6140717	36122731	2422	2		
86	6683466410	2	6140717	4653689	2422	2		
86	6683506083	2	6140717	4653689	2422	2		
86	6714779000	1	3770567	4413487	3246	2		
87	7393970000	1	760897	29343636	2707	9		
87	7393987144	2	760897	29343636	2707	9	1	
87	7393990000	2	760897	29343636	2707	9	2	
87	7398737958	3	760897	17458972	2590	9	1	
88	1231303000	2	1689131	3252494	1950	14	5	
88	1375161017	2	659215	46302888	1950	14	4	
88	1448172343	2	3132955	46302888	1950	9	4	
88	1448184000	2	3132955	46302888	1950	9	5	
88	1448288010	6	3132955	46302888	1950	9	5	
88	1448389482	2	3132955	46302888	1950	9	4	
88	1451859517	2	1689131	52078997	1950	9	4	
88	1457735756	2	7059885	42814627	1950	2	4	
88	1531804767	2	7059885	46302888	1950	2	4	
88	1531813000	2	7059885	46302888	1950	2	2	
88	1531818000	2	7059885	46302888	1950	2	2	
88	1632541319	2	4674489	40467623	1551	14	4	
88	1999783305	2	4953611	46302888	1950	2	4	
88	1999972000	1	5467928	46302888	1950	2		
88	1999979299	2	5467928	46302888	1950	2	4	
88	2102906109	2	7200951	26994854	1551	9	1	
88	2284853524	3	2632748	51816039	1551	14	1	
88	2292924027	3	2278596	51816039	1551	14	4	
88	2386668116	2	749670	13723332	1551	9	4	
88	2386673442	2	749670	13723332	1551	9	4	
88	2556774198	2	5810830	21824030	1950	14	4	
88	2556775198	3	5810830	21824030	1950	14	4	
88	2558006551	3	1168285	37873843	1551	14	4	
88	2581674470	2	6173857	40643233	547	9	4	
88	3593460518	2	2912593	14463935	1950	2	4	
88	3593461518	3	2912593	14463935	1950	2	4	
88	3593465592	7	2912593	14463935	1950	2	4	2893618
88	3683238872	2	2586208	46158326	1551	14	4	
88	4394511010	6	2633746	46302888	1950	9	5	
88	4400808000	2	1689131	49478152	836	9	5	
88	4401887000	1	1689131	30526615	836	9		
88	4402301584	2	1689131	30526615	836	9	4	
88	5494949344	2	6229553	42522708	1551	2	4	
88	5553121000	2	1689131	37461566	1950	9	5	
88	5553126010	6	1689131	37461566	1950	9	5	
88	5845531958	2	5791684	111285	1551	9	4	
88	5845532958	3	5791684	111285	1551	9	4	
88	5845749565	2	5791684	11575441	1551	9	4	
88	5845750565	3	5791684	11575441	1551	9	4	
88	5931343827	2	5826726	11575441	1551	9	4	
88	5992799503	3	1549979	42526497	1551	9	1	
88	5992835551	3	1549979	42526497	1551	9	1	
88	6016529693	2	4424472	111285	1551	9	4	
88	6017393918	2	4424472	51816039	1551	9	4	
88	6017394918	3	4424472	51816039	1551	9	4	
88	6192609317	3	1765931	38017453	1551	14	4	
88	6194552586	3	1689131	29297345	1551	14	4	
88	6771488407	3	7065462	51816039	1551	14	4	
88	6970328981	2	2107974	45658385	1950	2	4	
88	7745194019	3	6033365	26994854	1551	9	4	
89	7637286000	1	1855759	51433470	2582	9		
89	7638947000	2	1855759	7553287	3263	2	2	
89	7642102000	2	1855759	34122817	357	9	2	
89	7642126000	2	1855759	34122817	357	9	2	
89	7642373000	2	1855759	34122817	357	9	2	
89	7642376229	3	1855759	34122817	357	9	1	
89	7663836000	1	3924068	8095328	357	9		
89	7663854392	2	3924068	8095328	357	9	1	
89	7663855392	3	3924068	8095328	357	9	1	
89	7747218000	2	5873898	8095328	357	9	2	
89	7747504808	3	5873898	8095328	357	9	1	
89	7747937000	1	1346649	8095328	357	9		
90	4469556077	3	7062125	42522708	1551	9	1	
90	4475403747	2	2171610	42522708	1551	9	4	
90	4475404747	3	2171610	42522708	1551	9	4	
90	4799900797	3	361258	2883721	3263	9	4	
90	6212327049	2	713298	25018293	3263	9	1	
90	6212330913	2	713298	25018293	3263	9	0	
90	6358894789	3	2561706	34857958	3263	9	4	
90	6371885571	2	1122382	10568536	3263	2	4	
90	6371886571	3	1122382	10568536	3263	2	4	
90	6384057197	3	5074750	14228500	3263	9	4	
90	6705340463	2	5074750	43392495	458	2	4	
90	6756484140	3	2057919	2883721	3263	2	4	
90	7242235212	2	5140662	52068437	3263	2	4	
90	7242259037	2	5758840	52068437	3263	2	4	
90	7245816766	3	5758840	2883721	3263	2	4	
90	7249053732	2	5140662	31271744	357	2	4	
90	7249130549	3	5758840	31271744	357	2	4	
90	7259363013	3	5074750	31271744	357	9	4	
90	7314293475	2	1122382	2883721	3263	2	4	
90	7338819640	2	5074750	14228500	3263	2	4	
90	7338820640	3	5074750	14228500	3263	2	4	
90	7595948426	2	5074750	6017151	3263	9	4	
90	7595949426	3	5074750	6017151	3263	9	4	
90	7747332887	3	5074750	43392495	458	9	4	
91	1619082000	2	2043519	8361512	2590	9	5	
91	1619319000	2	2043519	8361512	2590	9	5	
92	4443981000	2	2434678	45282283	580	9	5	
93	3111735000	2	293945	51136063	353	9	5	
93	3149945028	2	4447367	14685087	353	9	4	
93	3149946028	3	4447367	14685087	353	9	4	
94	897147066	2	370682	23122657	1752	9	1	
94	2105394656	2	370682	23122657	1752	2	0	
94	2105396369	2	370682	23122657	1752	2	1	
95	517965000	2	2124337	35287172	1915	9		
95	517995000	2	2124337	35287172	1915	9		
95	518032000	2	2124337	35287172	1915	9		
95	549555000	2	2124337	37377768	1260	9	2	
95	1346102000	2	813940	24290363	1881	14	2	
95	1442363000	2	3722311	24538096	1881	2	2	
95	1697971000	2	5617765	34805657	1881	14	2	
95	1699087000	2	5617765	34805657	1881	14	2	
95	1699112000	2	5617765	34805657	1881	14	2	
95	1700317318	2	5617765	14065681	1881	14	4	
95	1782386253	2	813940	47733145	458	14	0	
95	1782392252	2	813940	47733145	458	14	4	
95	3334997081	2	4520388	47733145	458	9	4	
95	3572888000	2	5763567	47733145	458	14	2	
95	3576364000	2	5763567	10568536	3263	14	2	
95	3749248000	2	1172819	6074366	947	14	5	
95	3749262000	2	4813554	24290363	1881	14	2	
95	4139863000	2	5763567	35287172	1915	9	2	
95	5668245000	2	5682128	34805657	1881	6	2	
95	6175147000	2	1172819	14228500	3263	6	2	
95	6192248000	2	1172819	14228500	3263	2	2	
96	1534933000	1	4157425	11328361	3161	14		
96	2391812211	2	6739519	36716544	245	14	1	
96	2392313139	2	6739519	36716544	245	14	1	
96	2392314139	3	6739519	36716544	245	14	1	
96	2395191000	1	178059	31682416	245	14		
96	2395199596	2	178059	36716544	245	14	1	
96	2715653000	2	4181985	32000939	3161	14	2	
97	2710851000	1	6302834	29233924	1762	9		
97	2710854089	2	6302834	29233924	1762	9	4	
97	2710855089	3	6302834	29233924	1762	9	4	
97	2711129000	1	3873281	42357736	1762	2		
97	4701633850	2	2883970	4823769	1762	9	4	
97	4702013806	2	6481662	4823769	1762	9	4	
97	5151390000	1	7141469	36713911	1762	9		
97	5187387370	2	7155496	4823769	1762	20	4	
97	5187388370	3	7155496	4823769	1762	20	4	
98	2329004700	2	592391	51764629	2422	9	4	
98	2372847966	2	2989917	26206395	2422	9	1	
98	2542236599	2	2989917	26206395	2422	6	0	
98	3079637000	2	4922309	49691849	2422	9	2	
98	3079666292	2	4922309	3363577	2974	14	4	
98	3155206527	2	3548007	173414	3111	14	4	
98	3155218977	2	4922309	173414	3111	14	4	
98	3156712000	2	5979958	32891770	3111	14	2	
98	3230048000	2	4922309	173414	3111	14	2	
98	3243841000	1	6595684	32891770	3111	2		
98	3243946000	1	6595684	24082071	3111	2		
98	3684371000	2	691798	26206395	2422	9	3	
98	3776358518	2	4468973	49691849	2422	9	4	
98	4119652256	2	4468973	49691849	2422	9	4	
98	4138734816	2	3366752	22344403	540	9	1	
98	4139010139	2	2658862	22344403	540	9	0	
98	4313975000	1	2681157	26206395	2422	9		
98	4551883964	3	2681157	6627557	540	9	4	
98	4558971000	2	4468973	22344403	540	9	2	
98	4559136000	2	4468973	22344403	540	9	5	
98	4559763000	1	4468973	22344403	540	9		
98	4565786191	2	3919180	22344403	540	9	4	
98	4607257000	2	4468973	22344403	540	20	5	
98	4607893000	2	4468973	1643348	540	20	2	
98	4609015126	2	4468973	19243197	540	20	1	
98	4609183320	2	4468973	6627557	540	20	4	
98	4624981176	2	4468973	22344403	540	9	0	
98	4694801324	2	4046228	22344403	540	20	4	
98	4694877329	3	4046228	22344403	540	20	0	
98	4732668000	1	2681157	6627557	540	14		
98	4782097679	0	1078885	22344403	540	14		
98	4782157603	2	4468973	22344403	540	14	0	
98	4990976857	2	2681157	19243197	540	2	0	
98	4994131000	2	2681157	25317894	2422	9	2	
98	4995579000	1	6413878	22344403	540	2		
98	5050158299	3	4917490	37509350	540	14	0	
98	5053797966	2	2681157	50989001	540	14	0	
98	5053845601	2	6413878	22344403	540	14	4	
98	5060165000	1	2681157	50989001	540	14		
98	5421802288	2	2681157	44566144	540	2	0	
98	6209410274	2	2681157	2905928	540	20	0	
98	7077425000	1	4643261	22344403	540	9		
98	7164972000	2	3744873	22344403	540	20	2	
98	7238104000	2	5304765	22344403	540	14	2	
98	7238601381	2	5304765	22034237	540	14	0	
98	7240089000	1	6814126	22344403	540	14		
98	7240090987	2	6814126	22344403	540	14	1	
98	7241198278	2	5304765	22034237	540	14	0	
98	7251730715	2	2681157	42815830	540	14	4	
98	7264315000	1	2681157	42815830	540	14		
99	1356887478	2	2063590	29106343	817	9	4	
99	3836450000	1	7021739	18059270	817	9		
99	4814540109	2	3854380	42567463	817	9	4	
